"","comuna","ModerateSevere","n","n_psu_comuna","n_strata_comuna","deg_free","se.m","se.s","deff","se.tot","var.tot","cv","CI_L","CI_U","promhupm","rho","coterho","calidad2","calidadf","incdf14","excn50","excrho","excdf2"
"1",1101,0.202442418132191,1709,262,2,260,0.00421674761178141,0.0118463697558858,1.88363492999055,0.0125744756079381,0.00015811743681463,0.0621138382160956,0.181820278135173,0.22306455812921,6.52290076335878,0.159994714345213,-0.00383141762452111,1,"Incluir","Incluir","Incluir","Incluir","Incluir"
"2",1107,0.256054286862177,768,139,1,138,0.00727803981513274,0.0166998126737457,1.47608024826941,0.0182168495324755,0.000331853606888854,0.0711444817257867,0.226178653628917,0.285929920095437,5.52517985611511,0.105206922908501,-0.00724637681159424,1,"Incluir","Incluir","Incluir","Incluir","Incluir"
"3",1401,0.222395346080241,62,16,2,14,0.0197635697227905,0.0722245922416919,2.16318048107435,0.0748798398279955,0.00560699041266627,0.336696972970732,0.0995924087623286,0.345198283398154,3.875,0.404584515156295,-0.0666666666666667,1,"Incluir","Incluir","Incluir","Incluir","Incluir"
"4",1402,0.00814485253426122,25,3,1,2,0.0131126518105977,0.00936024704383927,1.02329290257008,0.0161107374824269,0.000259555862227674,1.97802690897806,-0.0182767569369188,0.0345664620054413,8.33333333333333,0.00317630489592019,-0.5,0,"Excluir","Excluir","Excluir","Incluir","Excluir"
"5",1404,0.221610047819159,23,3,1,2,0.0445570900262639,0.105493788133304,1.98314557567441,0.114517568985387,0.0131142736063229,0.516752602656525,0.0338012346831237,0.409418860955194,7.66666666666667,0.147471836351161,-0.5,0,"Excluir","Excluir","Excluir","Incluir","Excluir"
"6",1405,0.18553562621772,64,6,2,4,0.0291658208032018,0.0575205292927223,2.04215870300403,0.0644922971620596,0.0041592563932394,0.347600611681878,0.0797682588719417,0.291302993563497,10.6666666666667,0.107809521000417,-0.2,1,"Incluir","Excluir","Incluir","Incluir","Incluir"
"7",2101,0.199637896564323,1516,298,1,297,0.00488449912096139,0.0110965464233515,1.51443139826473,0.0121240122974314,0.000146991674188268,0.0607300142211478,0.179754516396536,0.219521276732111,5.08724832214765,0.125862526012224,-0.00336700336700346,1,"Incluir","Incluir","Incluir","Incluir","Incluir"
"8",2102,0.300725181750769,53,13,1,12,0.0357127921282859,0.0504652454063913,0.866114393859953,0.0618234948504649,0.00382214451552546,0.205581369975535,0.199334650196006,0.402115713305531,4.07692307692308,-0.0435128219955153,-0.0833333333333333,1,"Incluir","Excluir","Incluir","Incluir","Incluir"
"9",2103,0.361650610560764,17,3,1,2,0.0472636628810703,0.0860912968427581,0.665661522473993,0.0982118384972166,0.00964556522100335,0.271565526586372,0.200583195425328,0.522718025696199,5.66666666666667,-0.0716439594698585,-0.5,0,"Excluir","Excluir","Excluir","Incluir","Excluir"
"10",2104,0.18754102218916,67,13,2,11,0.0232005013722269,0.0396046531737676,0.878927866626004,0.0458998019269922,0.00210679181693712,0.244745396986779,0.112265347028893,0.262816697349427,5.15384615384615,-0.0291469950715176,-0.0833333333333333,1,"Incluir","Excluir","Incluir","Incluir","Incluir"
"11",2201,0.153311832274975,514,146,2,144,0.00774265574130777,0.0200783161987069,2.13942959809536,0.0215194679140462,0.000463087499303664,0.140364038409309,0.11801990489594,0.188603759654011,3.52054794520548,0.452056307940009,-0.00689655172413794,1,"Incluir","Incluir","Incluir","Incluir","Incluir"
"12",2203,0.175116580679736,69,7,2,5,0.0251556177218849,0.0495678152377549,1.64003053157462,0.0555857302768779,0.00308977341041382,0.317421286214677,0.083955983025656,0.266277178333815,9.85714285714286,0.0722615116293931,-0.166666666666667,1,"Incluir","Excluir","Incluir","Incluir","Incluir"
"13",2301,0.259752755435369,121,23,2,21,0.0167503261177283,0.0414870902841601,1.3408926518115,0.0447409441708185,0.0020017520852963,0.172244348653121,0.186377606995227,0.333127903875512,5.26086956521739,0.0800054182822917,-0.0454545454545454,1,"Incluir","Incluir","Incluir","Incluir","Incluir"
"14",2302,0.308335955978885,37,11,1,10,0.036319383601243,0.052163093363111,0.596846784672164,0.0635616703240473,0.00404008593438288,0.206144204370379,0.204094816647447,0.412577095310322,3.36363636363636,-0.170564821869469,-0.1,0,"Excluir","Excluir","Excluir","Excluir","Incluir"
"15",3101,0.193644943645569,1390,299,2,297,0.00532402425423335,0.0107531029184998,1.41239721306871,0.0119989356459443,0.000143974456635514,0.0619635887209437,0.17396668918622,0.213323198104917,4.64882943143813,0.113021784333222,-0.00335570469798663,1,"Incluir","Incluir","Incluir","Incluir","Incluir"
"16",3102,0.21100266625677,145,50,1,49,0.0207886428463974,0.0313160500053946,1.3057653045388,0.0375880653843137,0.00141286265933544,0.178140238941685,0.149358239026496,0.272647093487045,2.9,0.160929107652002,-0.0204081632653061,1,"Incluir","Incluir","Incluir","Incluir","Incluir"
"17",3103,0.216451774369459,113,23,2,21,0.0173817417911221,0.0317287526210341,0.843107955907266,0.0361778757057407,0.00130883869058002,0.167140582751653,0.157120058212044,0.275783490526874,4.91304347826087,-0.0400946334903653,-0.0454545454545454,1,"Incluir","Incluir","Incluir","Incluir","Incluir"
"18",3201,0.223671896329837,87,36,1,35,0.0195794524441852,0.0459143100520751,1.32980970789903,0.0499147155212988,0.00249147882557219,0.223160425338784,0.141811762874907,0.305532029784768,2.41666666666667,0.232806852634607,-0.0285714285714285,1,"Incluir","Incluir","Incluir","Incluir","Incluir"
"19",3202,0.177916625220594,126,45,2,43,0.0154285493061857,0.033362385301018,1.23750310295625,0.0367571610256694,0.00135108888666699,0.206597674501161,0.117634881138497,0.238198369302692,2.8,0.131946168309028,-0.0227272727272727,1,"Incluir","Incluir","Incluir","Incluir","Incluir"
"20",3301,0.172653789757935,389,99,2,97,0.00974198377371154,0.0161360519511445,0.980512336279993,0.0188488307440354,0.000355278420417293,0.109171254048127,0.141741707337717,0.203565872178153,3.92929292929293,-0.00665268520096779,-0.010204081632653,1,"Incluir","Incluir","Incluir","Incluir","Incluir"
"21",3302,0.108954577935669,36,3,1,2,0.0308463829231164,0.0385834826039397,0.846066006074186,0.0493982233414122,0.00244018446928804,0.453383641856507,0.027941491655753,0.189967664215585,12,-0.0139939994478012,-0.5,0,"Excluir","Excluir","Excluir","Incluir","Excluir"
"22",3303,0.196451462331956,52,15,2,13,0.0375741882871497,0.0319624456976326,0.539396965961492,0.0493296823465577,0.00243341756041229,0.251103665816457,0.115550783283601,0.277352141380311,3.46666666666667,-0.186730959745341,-0.0714285714285714,0,"Excluir","Excluir","Incluir","Excluir","Incluir"
"23",3304,0.115605338546092,82,22,2,20,0.0224663696857545,0.0402193241362022,1.94028933740084,0.0460687725127324,0.00212233180082989,0.398500390138685,0.0400525516252108,0.191158125466973,3.72727272727273,0.344772757046975,-0.0476190476190477,1,"Incluir","Incluir","Incluir","Incluir","Incluir"
"24",4101,0.197753758589487,741,162,2,160,0.00691739741741147,0.0149427883323663,1.36878839842761,0.0164662476046097,0.000271137310176315,0.0832664204314399,0.170749112517927,0.224758404661047,4.57407407407407,0.103184318731041,-0.0062111801242235,1,"Incluir","Incluir","Incluir","Incluir","Incluir"
"25",4102,0.195323026247119,696,164,2,162,0.00676190542668646,0.0143541483272903,1.16989136509327,0.0158671024198277,0.000251764939201303,0.0812351862690935,0.169300978278601,0.221345074215636,4.24390243902439,0.052372526081383,-0.00613496932515334,1,"Incluir","Incluir","Incluir","Incluir","Incluir"
"26",4103,0.17511529509758,72,14,2,12,0.0186526867063558,0.0425523264950318,1.08211388578735,0.0464609859075897,0.00215862321150525,0.265316549771967,0.0989192782091326,0.251311311986027,5.14285714285714,0.0198205931210837,-0.0769230769230769,1,"Incluir","Excluir","Incluir","Incluir","Incluir"
"27",4104,0.156280225523465,50,6,2,4,0.0358435391130209,0.0528685466573204,1.60030569995255,0.0638736449703939,0.00407984252180392,0.408712265140694,0.0515274477720189,0.261033003274911,8.33333333333333,0.0818598681753474,-0.2,1,"Incluir","Excluir","Incluir","Incluir","Incluir"
"28",4105,0.0936358515482451,23,3,1,2,0.0468612686934272,0.0403728940546433,0.735076243856505,0.0618542567484651,0.00382594907790504,0.660583053667165,-0.00780512951923762,0.195076832615728,7.66666666666667,-0.0397385634215242,-0.5,0,"Excluir","Excluir","Excluir","Incluir","Excluir"
"29",4106,0.224705160735964,107,14,2,12,0.0211565361839962,0.0276360685737151,0.647029753918117,0.0348044725504614,0.00121135130951582,0.154889511377791,0.167625825753208,0.281784495718721,7.64285714285714,-0.0531353058617888,-0.0769230769230769,1,"Incluir","Excluir","Incluir","Incluir","Incluir"
"30",4201,0.176103089088538,104,22,2,20,0.0200515318107836,0.0343189345989151,1.22029922507199,0.0397473672079482,0.00157985319996348,0.225705110646667,0.110917406867503,0.241288771309573,4.72727272727273,0.0591046701412652,-0.0476190476190477,1,"Incluir","Incluir","Incluir","Incluir","Incluir"
"31",4202,0.177768510744059,62,6,2,4,0.0228398159907896,0.0340096937878457,0.622961612549772,0.0409672609047292,0.00167831646603616,0.230452855419999,0.110582202860303,0.244954818627815,10.3333333333333,-0.040396970083953,-0.2,1,"Incluir","Excluir","Incluir","Incluir","Incluir"
"32",4203,0.12613146366007,79,20,2,18,0.0238686178817677,0.0354272018907835,1.44832687455856,0.0427176492025974,0.00182479755339617,0.338675600544233,0.0560745189678107,0.19618840835233,3.95,0.151975211714767,-0.0526315789473684,1,"Incluir","Incluir","Incluir","Incluir","Incluir"
"33",4204,0.199893101554846,103,13,2,11,0.016060267189656,0.0229573481470827,0.418148485535061,0.0280173520545662,0.000784972016149503,0.140161675598789,0.153944644185358,0.245841558924335,7.92307692307692,-0.0840452187560468,-0.0833333333333333,0,"Excluir","Excluir","Incluir","Excluir","Incluir"
"34",4301,0.173317499689842,363,71,2,69,0.0102838154624376,0.0135158803299262,0.639688144729913,0.0169834001765947,0.000288435881558356,0.0979901060596137,0.145464723400227,0.201170275979457,5.11267605633803,-0.0876100743978637,-0.0142857142857142,1,"Incluir","Incluir","Incluir","Excluir","Incluir"
"35",4302,0.159714741118992,78,13,2,11,0.0201644114509914,0.0305467076783027,0.74670643910841,0.0366019786234098,0.00133970483914855,0.22917094794738,0.0996874961766002,0.219741986061385,6,-0.0506587121783181,-0.0833333333333333,1,"Incluir","Excluir","Incluir","Incluir","Incluir"
"36",4303,0.222720622858396,137,19,2,17,0.0170539720736613,0.0328175996526775,1.12937917733308,0.0369842238049231,0.00136783281045264,0.166056574960448,0.162066495818323,0.28337474989847,7.21052631578947,0.0208322404180381,-0.0555555555555556,1,"Incluir","Incluir","Incluir","Incluir","Incluir"
"37",4304,0.190491979809552,67,6,2,4,0.0198258276816927,0.0591808818617763,1.94119329362585,0.0624134618588145,0.00389544022120169,0.327643515077189,0.0881339023610961,0.292850057258008,11.1666666666667,0.0925763895369688,-0.2,1,"Incluir","Excluir","Incluir","Incluir","Incluir"
"38",4305,0.220516414558261,28,3,1,2,0.0459497924046468,0.0203161614650208,0.0939338682261856,0.050240718930992,0.00252412983870294,0.227832105068615,0.138121635511434,0.302911193605088,9.33333333333333,-0.108727935812858,-0.5,0,"Excluir","Excluir","Excluir","Incluir","Excluir"
"39",5101,0.19350680574564,926,182,2,180,0.00612194264623239,0.0138913732346737,1.48881521656452,0.0151805280576391,0.000230448432108769,0.0784495821691851,0.168610739731112,0.218402871760168,5.08791208791209,0.119575765342396,-0.00552486187845314,1,"Incluir","Incluir","Incluir","Incluir","Incluir"
"40",5102,0.121043503822062,74,12,2,10,0.0252938981310421,0.0421387472546919,2.15393491858245,0.0491472817443482,0.00241545530285834,0.406029899932477,0.0404419617613309,0.201645045882793,6.16666666666667,0.223342242306281,-0.0909090909090908,1,"Incluir","Excluir","Incluir","Incluir","Incluir"
"41",5103,0.132137899555739,143,29,1,28,0.0152686197138215,0.0345505128334433,2.08167238202353,0.0377739154049355,0.00142686868501923,0.285867381969406,0.0701886782916449,0.194087120819833,4.93103448275862,0.27516227262002,-0.0357142857142858,1,"Incluir","Incluir","Incluir","Incluir","Incluir"
"42",5105,0.274233196353655,90,15,2,13,0.0256288186014683,0.0408044842039733,1.056520479411,0.048185498586808,0.00232184227405927,0.175709940399292,0.195208978671289,0.35325741403602,6,0.0113040958822005,-0.0714285714285714,1,"Incluir","Excluir","Incluir","Incluir","Incluir"
"43",5107,0.186743037252003,146,29,2,27,0.0156187257290111,0.0372128511822973,1.75533173423485,0.0403576620546072,0.00162874088651388,0.216113342957713,0.120556471482447,0.252929603021559,5.03448275862069,0.187218976861628,-0.0357142857142858,1,"Incluir","Incluir","Incluir","Incluir","Incluir"
"44",5109,0.172114805803091,1388,262,1,261,0.00502360031961943,0.0126126884936919,2.05853044439846,0.0135763202382011,0.00018431647121019,0.0788794443037818,0.149849640612441,0.194379970993741,5.29770992366412,0.246301044788985,-0.00383141762452111,1,"Incluir","Incluir","Incluir","Incluir","Incluir"
"45",5301,0.200222330375648,216,41,2,39,0.0131241561278211,0.0327091094263054,1.88364111025178,0.0352438549754342,0.00124212931352944,0.176023597913935,0.142422408215936,0.258022252535361,5.26829268292683,0.207024488687561,-0.0249999999999999,1,"Incluir","Incluir","Incluir","Incluir","Incluir"
"46",5302,0.111402563425989,64,12,2,10,0.0214636765623427,0.0413051030023379,1.63539730670059,0.0465489091774083,0.00216680094560661,0.417844147799465,0.0350623523750396,0.187742774476939,5.33333333333333,0.146630147700137,-0.0909090909090908,1,"Incluir","Excluir","Incluir","Incluir","Incluir"
"47",5303,0.291352371573579,56,12,2,10,0.0209940571451221,0.0753750791573593,1.77485173144019,0.0782441882403469,0.00612215299339084,0.268555178795196,0.16303190285941,0.419672840287748,4.66666666666667,0.211323199483689,-0.0909090909090908,1,"Incluir","Excluir","Incluir","Incluir","Incluir"
"48",5304,0.157542635282474,76,12,2,10,0.0209459806962072,0.0318441766328682,0.790177238943154,0.0381154259159096,0.0014527856927512,0.241937211774886,0.0950333367803825,0.220051933784566,6.33333333333333,-0.0393417676981587,-0.0909090909090908,1,"Incluir","Excluir","Incluir","Incluir","Incluir"
"49",5401,0.239877393270745,90,18,2,16,0.0227594255684831,0.0280848920004488,0.524984576065061,0.0361490333326383,0.0013067526108842,0.150697957984884,0.180592978605218,0.299161807936272,5,-0.118753855983735,-0.0588235294117647,1,"Incluir","Incluir","Incluir","Excluir","Incluir"
"50",5402,0.18702761652489,65,13,2,11,0.0179703231517481,0.0555796697604187,1.58597198592364,0.0584126031337027,0.00341203220485546,0.312320737541608,0.0912309473856176,0.282824285664162,5,0.14649299648091,-0.0833333333333333,1,"Incluir","Excluir","Incluir","Incluir","Incluir"
"51",5403,0.191922789799453,33,3,1,2,0.0399046593213635,0.100120405430369,2.97650061568886,0.107779763495267,0.0116164774190956,0.561578766168881,0.0151639776672163,0.368681601931691,11,0.197650061568886,-0.5,0,"Excluir","Excluir","Excluir","Incluir","Excluir"
"52",5404,0.189574114223178,59,6,2,4,0.0208080045136948,0.044315709476348,0.892422126581482,0.0489576874273491,0.00239685515823402,0.258250909560961,0.109283506842325,0.269864721604031,9.83333333333333,-0.0121786271794549,-0.2,1,"Incluir","Excluir","Incluir","Incluir","Incluir"
"53",5405,0.100421652640388,59,8,2,6,0.0239482675770681,0.0364830155096955,1.35252792490878,0.0436409204832292,0.00190452994062353,0.434576800279402,0.0288505430478917,0.171992762232884,7.375,0.0552984980249072,-0.142857142857143,1,"Incluir","Excluir","Incluir","Incluir","Incluir"
"54",5501,0.213126591848341,205,40,2,38,0.0143309209393288,0.0402061851154864,2.64746357922005,0.0426838683405107,0.00182191261651005,0.200274719218914,0.143125047769904,0.283128135926778,5.125,0.399385110113952,-0.0256410256410255,1,"Incluir","Incluir","Incluir","Incluir","Incluir"
"55",5502,0.239447957988847,138,24,2,22,0.0176193735438438,0.0450599319816933,1.94872758465186,0.0483822260160932,0.00234083979427233,0.202057375734007,0.160101107322454,0.31879480865524,5.75,0.199732123084601,-0.0434782608695652,1,"Incluir","Incluir","Incluir","Incluir","Incluir"
"56",5503,0.116079496890333,52,9,2,7,0.0197480598715808,0.0486378340429605,1.63221470176003,0.0524940450821053,0.00275562476908211,0.452224953487689,0.0299892629556805,0.202169730824986,5.77777777777778,0.132324007345123,-0.125,1,"Incluir","Excluir","Incluir","Incluir","Incluir"
"57",5504,0.0657709273100679,65,12,2,10,0.0226204154778307,0.0256363515786322,1.32267443022629,0.0341892632072252,0.00116890571865292,0.519823341490149,0.0097005356502186,0.121841318969917,5.41666666666667,0.0730583615606692,-0.0909090909090908,1,"Incluir","Excluir","Incluir","Incluir","Incluir"
"58",5506,0.144625623310859,64,13,2,11,0.0323973639073725,0.0378823040261924,1.3547776420931,0.0498463453673346,0.00248465814647959,0.344657773817814,0.0628776169084308,0.226373629713288,4.92307692307692,0.0904335166119658,-0.0833333333333333,1,"Incluir","Excluir","Incluir","Incluir","Incluir"
"59",5601,0.254239562047294,255,53,2,51,0.012985921817645,0.0263367999163348,1.215063587129,0.0293642843482868,0.000862261195287042,0.115498485412055,0.206082135716104,0.302396988378485,4.81132075471698,0.0564275748407773,-0.0192307692307692,1,"Incluir","Incluir","Incluir","Incluir","Incluir"
"60",5602,0.127285873607572,107,26,2,24,0.0203184548812302,0.0375621269382499,2.02471957521512,0.0427054210714025,0.00182375298888579,0.33550793863477,0.0572489830504723,0.197322764164672,4.11538461538461,0.328922332785099,-0.04,1,"Incluir","Incluir","Incluir","Incluir","Incluir"
"61",5603,0.216156856497408,120,31,2,29,0.0221575720697898,0.0420082738130799,1.76935130455358,0.0474937160978442,0.00225565306878262,0.219718758254674,0.138267162096943,0.294046550897872,3.87096774193548,0.267976297091697,-0.0333333333333334,1,"Incluir","Incluir","Incluir","Incluir","Incluir"
"62",5604,0.2244324756611,110,34,1,33,0.0216029205861947,0.0746382722308135,4.75910301918208,0.0777017236581947,0.00603755785945446,0.346214260789632,0.0970016488616604,0.351863302460539,3.23529411764706,1.68170398226567,-0.0303030303030303,1,"Incluir","Incluir","Incluir","Incluir","Incluir"
"63",5605,0.196594601856776,45,14,1,13,0.0251991258338202,0.0569201810556681,1.17585499248316,0.0622487184944296,0.00387490295419874,0.316634932528713,0.0945067035259119,0.298682500187641,3.21428571428571,0.0794183837020737,-0.0769230769230769,0,"Excluir","Excluir","Excluir","Incluir","Incluir"
"64",5606,0.128230355981684,65,6,2,4,0.0250689278835074,0.0168235300437448,0.25629184881471,0.0301907652828026,0.000911482308361277,0.235441639787033,0.0787175009178876,0.17774321104548,10.8333333333333,-0.0756313374086735,-0.2,1,"Incluir","Excluir","Incluir","Incluir","Incluir"
"65",5701,0.252631803657831,257,48,2,46,0.0139670963673726,0.0327470049295113,1.94198173420798,0.0356012094287386,0.00126744611278891,0.140921328642207,0.194245820194699,0.311017787120962,5.35416666666667,0.21634030259322,-0.0212765957446808,1,"Incluir","Incluir","Incluir","Incluir","Incluir"
"66",5702,0.196405670338475,69,12,2,10,0.0218702193934738,0.0177863895700975,0.178573575061962,0.0281897525753233,0.000794662150257947,0.143528201231373,0.150174476114944,0.242636864562005,5.75,-0.172931878934324,-0.0909090909090908,0,"Excluir","Excluir","Incluir","Excluir","Incluir"
"67",5703,0.223437313128485,85,13,2,11,0.0246784340704815,0.0455167309771714,1.42952087140917,0.0517764223080283,0.00268079790701929,0.231726839098959,0.138523980543319,0.308350645713652,6.53846153846154,0.0775523795599883,-0.0833333333333333,1,"Incluir","Excluir","Incluir","Incluir","Incluir"
"68",5704,0.277955390642129,83,5,2,3,0.0255943880143985,0.0564117012537438,1.65175731899407,0.0619463698385403,0.00383735273617322,0.222864430495241,0.176363344106923,0.379547437177335,16.6,0.0417793153201326,-0.25,1,"Incluir","Excluir","Incluir","Incluir","Incluir"
"69",5705,0.239955469973761,84,13,2,11,0.0235613508164052,0.0456047704753111,1.27708136808444,0.051331592050116,0.00263493234239953,0.213921324884693,0.15577165901157,0.324139280935951,6.46153846153846,0.0507332082408122,-0.0833333333333333,1,"Incluir","Excluir","Incluir","Incluir","Incluir"
"70",5706,0.155506070540563,65,11,2,9,0.0220046444525217,0.038876909989658,0.990219361813462,0.0446723461195611,0.00199561850782586,0.287270753895801,0.0822434229044824,0.228768718176643,5.90909090909091,-0.00199235222318375,-0.1,1,"Incluir","Excluir","Incluir","Incluir","Incluir"
"71",5801,0.160772142605667,472,91,2,89,0.00831260147225311,0.0167788838486135,1.30628467312255,0.0187251244706615,0.000350630286441766,0.116469956593099,0.130062938473782,0.191481346737552,5.18681318681319,0.0731546069662776,-0.0111111111111111,1,"Incluir","Incluir","Incluir","Incluir","Incluir"
"72",5802,0.17926067332082,119,20,2,18,0.0119195552410636,0.0256833204185773,0.615976416550998,0.028314461761935,0.000801708744868078,0.157951329967734,0.132824956031247,0.225696390610394,5.95,-0.0775805219088892,-0.0526315789473684,1,"Incluir","Incluir","Incluir","Excluir","Incluir"
"73",5803,0.197216960279505,50,12,2,10,0.0399969867284624,0.0313207851507229,0.489073871288255,0.0508010878802269,0.00258075052981454,0.257589853368743,0.113903176155933,0.280530744403077,4.16666666666667,-0.161345093277393,-0.0909090909090908,0,"Excluir","Excluir","Incluir","Excluir","Incluir"
"74",5804,0.163442554705065,368,67,2,65,0.00944068699029476,0.0213506350883484,1.62151674593914,0.0233447250899327,0.000544976189524533,0.142831376639081,0.125157205557575,0.201727903852554,5.49253731343284,0.138344259062865,-0.0151515151515151,1,"Incluir","Incluir","Incluir","Incluir","Incluir"
"75",6101,0.195275480424459,1054,207,2,205,0.00573619245915796,0.0226614822043266,4.45662665013533,0.0233761989986719,0.00054644667962551,0.119708828511703,0.156938514066637,0.233612446782281,5.09178743961353,0.844771802335316,-0.00485436893203883,1,"Incluir","Incluir","Incluir","Incluir","Incluir"
"76",6102,0.269308293843542,49,11,2,9,0.0341138760857423,0.0282969793192175,0.264018305803867,0.0443224049458691,0.0019644755801856,0.1645786853175,0.196619549732317,0.341997037954768,4.45454545454545,-0.21304733253046,-0.1,0,"Excluir","Excluir","Excluir","Excluir","Incluir"
"77",6103,0.10516624756672,43,6,2,4,0.0278556101027528,0.03758986162682,0.952132832921569,0.0467860311558916,0.00218893271132006,0.44487687103421,0.0284371564710581,0.181895338662382,7.16666666666667,-0.00776224331001589,-0.2,0,"Excluir","Excluir","Excluir","Incluir","Incluir"
"78",6104,0.290710555975221,83,7,2,5,0.028754575664856,0.0732351887280735,3.07997787001811,0.0786779415700644,0.00619021848970247,0.270640126245607,0.161678731800315,0.419742380150126,11.8571428571429,0.191576909080615,-0.166666666666667,1,"Incluir","Excluir","Incluir","Incluir","Incluir"
"79",6105,0.175041254499803,77,18,2,16,0.017162373935903,0.0383906990372271,0.94213926720385,0.0420522633360288,0.00176839285168271,0.24024201298258,0.106075542628716,0.24400696637089,4.27777777777778,-0.0176524269547578,-0.0588235294117647,1,"Incluir","Incluir","Incluir","Incluir","Incluir"
"80",6106,0.232811666493904,117,21,2,19,0.0211561726117476,0.0294280858859905,0.787216672495686,0.0362435632697903,0.00131359587849129,0.155677607637156,0.173372222731448,0.29225111025636,5.57142857142857,-0.0465463528915687,-0.05,1,"Incluir","Incluir","Incluir","Incluir","Incluir"
"81",6107,0.240298924620054,91,11,2,9,0.0244543289411238,0.0310052984824674,0.674419259061459,0.0394885140002455,0.00155934273794758,0.164330797828922,0.175537761659651,0.305060087580456,8.27272727272727,-0.0447673518790493,-0.1,1,"Incluir","Excluir","Incluir","Incluir","Incluir"
"82",6108,0.142306405484801,212,38,2,36,0.0116121382457449,0.0244680649484614,1.39083050869857,0.027083721253927,0.000733527956960416,0.190319762217728,0.0978891026283608,0.186723708341241,5.57894736842105,0.0853537892560098,-0.027027027027027,1,"Incluir","Incluir","Incluir","Incluir","Incluir"
"83",6109,0.244964882587695,73,6,2,4,0.0265214313077357,0.0264129224616535,0.372172517596952,0.0374303191487364,0.00140102879157626,0.15279871446609,0.183579159183767,0.306350605991622,12.1666666666667,-0.0562233566331088,-0.2,1,"Incluir","Excluir","Incluir","Incluir","Incluir"
"84",6110,0.267471443448191,97,14,2,12,0.022185300290623,0.035192932095353,0.800190510421343,0.0416020434408364,0.00173073001845324,0.155538261971113,0.199244092205219,0.335698794691162,6.92857142857143,-0.0337028054710987,-0.0769230769230769,1,"Incluir","Excluir","Incluir","Incluir","Incluir"
"85",6111,0.249897469339625,54,8,2,6,0.0238926097832216,0.0332197024033052,0.381138063059577,0.0409194993862028,0.00167440543001746,0.16374515313955,0.182789490346252,0.317005448332997,6.75,-0.107628162946161,-0.142857142857143,1,"Incluir","Excluir","Incluir","Incluir","Incluir"
"86",6112,0.162758586352289,59,8,2,6,0.0239813811768703,0.0292842689185977,0.494452470465659,0.0378506941712711,0.0014326750492471,0.232557280199913,0.100683447911405,0.224833724793174,7.375,-0.0793015732602888,-0.142857142857143,1,"Incluir","Excluir","Incluir","Incluir","Incluir"
"87",6113,0.20096838602301,108,12,2,10,0.0208805728309791,0.0142982117121024,0.201496342470569,0.0253068603329991,0.000640437179913922,0.125924583631286,0.159465135076892,0.242471636969129,9,-0.0998129571911789,-0.0909090909090908,0,"Excluir","Excluir","Incluir","Excluir","Incluir"
"88",6114,0.179857572739255,64,10,2,8,0.0196448843514095,0.0473579282782425,1.19230650333939,0.0512707992134648,0.00262869485198742,0.28506333335096,0.095773462029173,0.263941683449337,6.4,0.0356123154332205,-0.111111111111111,1,"Incluir","Excluir","Incluir","Incluir","Incluir"
"89",6115,0.264560636983425,226,38,2,36,0.012040274802226,0.0245333154186189,0.848556430235972,0.0273285891099882,0.000746851782742564,0.103298016748049,0.219741750843044,0.309379523123805,5.94736842105263,-0.0306109343140056,-0.027027027027027,1,"Incluir","Incluir","Incluir","Excluir","Incluir"
"90",6116,0.202083451682831,95,12,2,10,0.0236171467580697,0.0287732131143315,0.662554675614069,0.037224553911564,0.00138566741391494,0.184203870240636,0.141035183267866,0.263131720097796,7.91666666666667,-0.0487872758148333,-0.0909090909090908,1,"Incluir","Excluir","Incluir","Incluir","Incluir"
"91",6117,0.208497203121761,225,28,2,26,0.01513734943457,0.0237230579938251,1.1483028616078,0.0281411234403082,0.000791922828482666,0.13497122752229,0.162345760679655,0.254648645563866,8.03571428571429,0.0210785793148143,-0.037037037037037,1,"Incluir","Incluir","Incluir","Incluir","Incluir"
"92",6201,0.189870351672586,134,36,2,34,0.0180597778962389,0.0320755010367233,1.2582583902997,0.0368102342347657,0.00135499334441831,0.193870364227489,0.12950156752757,0.250239135817602,3.72222222222222,0.0948704290896858,-0.0285714285714285,1,"Incluir","Incluir","Incluir","Incluir","Incluir"
"93",6202,0.0836418176479583,49,6,2,4,0.0227140333816155,0.0304964749835079,1.02129877851667,0.0380258109562553,0.00144596229888087,0.454626788675288,0.0212794876796996,0.146004147616217,8.16666666666667,0.00297192258372159,-0.2,0,"Excluir","Excluir","Excluir","Incluir","Incluir"
"94",6203,0.112105842558955,45,11,2,9,0.0259259700628227,0.0601110204551773,2.16370685240787,0.0654636594139155,0.00428549070386113,0.583945117574837,0.00474544112013411,0.219466243997777,4.09090909090909,0.376493393426075,-0.1,0,"Excluir","Excluir","Excluir","Incluir","Incluir"
"95",6204,0.137857462808161,52,14,2,12,0.0279678369875312,0.0366763654749555,0.847114841716494,0.0461232662569947,0.00212735569021363,0.334572139349312,0.0622153061466901,0.213499619469633,3.71428571428571,-0.0563261109465549,-0.0769230769230769,1,"Incluir","Excluir","Incluir","Incluir","Incluir"
"96",6205,0.0725761476649436,71,7,2,5,0.0202824956862192,0.0303772081766502,1.70000930678206,0.0365260784627784,0.00133415440786904,0.503279378114768,0.012673378985987,0.1324789163439,10.1428571428571,0.0765635179292878,-0.166666666666667,1,"Incluir","Excluir","Incluir","Incluir","Incluir"
"97",6206,0.195685799735867,67,6,2,4,0.0324717339152948,0.0332579730609745,0.74805604140176,0.0464812464935076,0.00216050627559021,0.237529992243928,0.119456555486515,0.27191504398522,11.1666666666667,-0.0247813729768761,-0.2,1,"Incluir","Excluir","Incluir","Incluir","Incluir"
"98",6301,0.168030558815953,336,60,2,58,0.0111694763052234,0.0192905609458848,1.24424823722071,0.0222908712826539,0.000496882942539845,0.132659627151925,0.1314735299124,0.204587587719505,5.6,0.0530974428740681,-0.0169491525423728,1,"Incluir","Incluir","Incluir","Incluir","Incluir"
"99",6302,0.200965465226984,77,10,2,8,0.0214183502781873,0.0600477371428901,2.26045042885228,0.0637532466986643,0.00406447646462075,0.317234837471489,0.0964101406411741,0.305520789812793,7.7,0.188126929679444,-0.111111111111111,1,"Incluir","Excluir","Incluir","Incluir","Incluir"
"100",6303,0.213873686665314,173,21,2,19,0.0157395765555237,0.0211677002218568,0.615977187227307,0.026378131147403,0.00069580580282959,0.123335093525,0.170613551583573,0.257133821747055,8.23809523809524,-0.0530557833435958,-0.05,1,"Incluir","Incluir","Incluir","Excluir","Incluir"
"101",6304,0.228051291471379,49,6,2,4,0.0246167914544143,0.0126242702744578,0.0517227190810407,0.0276651156056266,0.000765358621472683,0.121310935917671,0.182680501878152,0.273422081064607,8.16666666666667,-0.132317760128227,-0.2,0,"Excluir","Excluir","Excluir","Incluir","Incluir"
"102",6305,0.286156892229417,68,12,2,10,0.0238467840444652,0.0655081937359936,1.79746958790742,0.0697136468405995,0.00485999255581583,0.243620366077742,0.171826511410834,0.400487273048001,5.66666666666667,0.170886340265875,-0.0909090909090908,1,"Incluir","Excluir","Incluir","Incluir","Incluir"
"103",6306,0.135627991341963,87,6,2,4,0.0191994550912521,0.0310684691885796,1.0360898935505,0.0365221693430542,0.00133386885352273,0.269281945280525,0.0757316336193547,0.195524349064572,14.5,0.00267332544818529,-0.2,1,"Incluir","Excluir","Incluir","Incluir","Incluir"
"104",6307,0.132605709481442,60,6,2,4,0.0209571643325273,0.0368633035809805,0.935802983447346,0.0424040786689687,0.00179810588776409,0.319775663014745,0.0630630204643331,0.20214839849855,10,-0.00713300183918377,-0.2,1,"Incluir","Excluir","Incluir","Incluir","Incluir"
"105",6308,0.154705814763518,65,6,2,4,0.0245322080295933,0.0113828829824621,0.0857845607160094,0.0270443941658834,0.000731399255799668,0.174811749689068,0.110353008331469,0.199058621195567,10.8333333333333,-0.0929710616221007,-0.2,1,"Incluir","Excluir","Incluir","Incluir","Incluir"
"106",6309,0.292273618941548,23,3,1,2,0.0563478281981593,0.0143325924928641,0.0349022072719348,0.058142075558203,0.00338050095021579,0.198930289256899,0.196920615026096,0.387626622857001,7.66666666666667,-0.14476466890921,-0.5,0,"Excluir","Excluir","Excluir","Incluir","Excluir"
"107",6310,0.254511702775601,151,24,2,22,0.017623168497076,0.037721031378027,1.51236031469734,0.0416347484212217,0.00173345227609843,0.163586774074316,0.186230715364797,0.322792690186404,6.29166666666667,0.0968239964782367,-0.0434782608695652,1,"Incluir","Incluir","Incluir","Incluir","Incluir"
"108",7101,0.199205998945467,866,197,2,195,0.00650157474409548,0.014757459825085,1.5641070529628,0.016126161807512,0.000260053094642058,0.0809521896573334,0.172759093581147,0.225652904309786,4.39593908629442,0.166112241305935,-0.00510204081632648,1,"Incluir","Incluir","Incluir","Incluir","Incluir"
"109",7102,0.201850067781501,155,23,2,21,0.0196206545579403,0.033736468429894,1.67660589588284,0.0390271621746093,0.00152311938740326,0.193347282978649,0.137845521815142,0.265854613747861,6.73913043478261,0.117893451555343,-0.0454545454545454,1,"Incluir","Incluir","Incluir","Incluir","Incluir"
"110",7103,0.198961554889691,70,6,2,4,0.024963886965739,0.0363457714099088,0.816436187115089,0.0440932052794933,0.00194421075181954,0.221616710343562,0.126648698231321,0.27127441154806,11.6666666666667,-0.0172091074579604,-0.2,1,"Incluir","Excluir","Incluir","Incluir","Incluir"
"111",7104,0.169869580808781,55,6,2,4,0.0283847823786452,0.0648682062734379,2.36544081277631,0.0708066385010356,0.00501358005581634,0.416829417980028,0.0537466936670827,0.285992467950479,9.16666666666667,0.167196834217507,-0.2,1,"Incluir","Excluir","Incluir","Incluir","Incluir"
"112",7105,0.232351195683474,77,6,2,4,0.0229130491899305,0.057434258570205,1.8408076515552,0.0618360888210868,0.00382370188068934,0.266132001770822,0.130940010016891,0.333762381350056,12.8333333333333,0.0710541677370588,-0.2,1,"Incluir","Excluir","Incluir","Incluir","Incluir"
"113",7106,0.240066601007052,62,6,2,4,0.0304595699400716,0.0333213006703989,0.520452520966543,0.045145259765575,0.00203809447930124,0.188053063509025,0.166028374991509,0.314104827022595,10.3333333333333,-0.0513800870392989,-0.2,1,"Incluir","Excluir","Incluir","Incluir","Incluir"
"114",7107,0.175224633847748,60,6,2,4,0.0185874559740468,0.0316277244873104,0.480257580386334,0.0366852351203089,0.00134580647583234,0.209361174366525,0.115060848250442,0.235388419445055,10,-0.0577491577348518,-0.2,1,"Incluir","Excluir","Incluir","Incluir","Incluir"
"115",7108,0.215784863902748,82,6,2,4,0.0192774310410312,0.0444341945547923,1.19441111948911,0.0484356995745375,0.00234601699327485,0.224462915046566,0.136350316600507,0.29521941120499,13.6666666666667,0.0153482462754562,-0.2,1,"Incluir","Excluir","Incluir","Incluir","Incluir"
"116",7109,0.218782666124683,157,21,2,19,0.0164919783964436,0.0354155252842904,1.5497987089091,0.0390671829364618,0.00152624478259097,0.178566170841878,0.154712486108886,0.28285284614048,7.47619047619048,0.0848953888756703,-0.05,1,"Incluir","Incluir","Incluir","Incluir","Incluir"
"117",7110,0.214962219285477,53,6,2,4,0.0277027681326981,0.0331360912091591,0.443720976499827,0.0431907849296091,0.00186544390283575,0.200922678753378,0.144129332000918,0.285795106570036,8.83333333333333,-0.071014343425554,-0.2,1,"Incluir","Excluir","Incluir","Incluir","Incluir"
"118",7201,0.187194360518374,172,31,2,29,0.0127639202435923,0.0197313787831898,0.579832874531174,0.0234998929501924,0.0005522449686705,0.12553739805578,0.148654536080059,0.22573418495669,5.54838709677419,-0.0923771694293163,-0.0333333333333334,1,"Incluir","Incluir","Incluir","Excluir","Incluir"
"119",7202,0.14909133832194,49,11,2,9,0.0241648638857234,0.0275299120992497,0.398290850708681,0.0366310893478198,0.00134183670680796,0.245695623636569,0.0890163517915157,0.209166324852365,4.45454545454545,-0.17417896426854,-0.1,0,"Excluir","Excluir","Excluir","Excluir","Incluir"
"120",7203,0.242828041183091,42,6,2,4,0.0234951189275834,0.0582451308166108,0.91384068695125,0.0628053809578877,0.0039445158772654,0.258641385286029,0.139827216412156,0.345828865954027,7,-0.014359885508125,-0.2,0,"Excluir","Excluir","Excluir","Incluir","Incluir"
"121",7301,0.208697093996174,634,118,2,116,0.00789001743567594,0.0181608118748985,1.68473514400237,0.019800693500247,0.000392067463090724,0.0948776675376707,0.176223956655769,0.241170231336579,5.3728813559322,0.156586718977287,-0.00854700854700852,1,"Incluir","Incluir","Incluir","Incluir","Incluir"
"122",7302,0.143697436569107,60,13,2,11,0.0312295463231468,0.0569369043414064,2.43007634699806,0.0649391687622503,0.00421709563953203,0.451915986204945,0.0371971997990162,0.250197673339197,4.61538461538461,0.395553032148399,-0.0833333333333333,1,"Incluir","Excluir","Incluir","Incluir","Incluir"
"123",7303,0.183057482230737,58,6,2,4,0.0311343920874882,0.035129530395096,0.654741548297282,0.0469407528320267,0.00220343427643742,0.256426299870439,0.106074647586214,0.260040316875261,9.66666666666667,-0.0398375136580059,-0.2,1,"Incluir","Excluir","Incluir","Incluir","Incluir"
"124",7304,0.131365416818034,151,29,2,27,0.0152088248948933,0.0207059571258161,0.793179692588649,0.025691341249138,0.000660045015179658,0.195571573336727,0.0892316171694482,0.173499216466621,5.20689655172414,-0.0491622042207309,-0.0357142857142858,1,"Incluir","Incluir","Incluir","Excluir","Incluir"
"125",7305,0.22823040867872,77,6,2,4,0.0193605148586228,0.033473798407324,0.626239219324941,0.03866942869251,0.00149532471540512,0.169431535948152,0.164812545623004,0.291648271734437,12.8333333333333,-0.0315854180852162,-0.2,1,"Incluir","Excluir","Incluir","Incluir","Incluir"
"126",7306,0.235463850239623,79,6,2,4,0.0248456988409919,0.0637736759780949,2.39969656125407,0.0684426073338553,0.0046843904986563,0.290671401424056,0.123217974212101,0.347709726267146,13.1666666666667,0.115043552979786,-0.2,1,"Incluir","Excluir","Incluir","Incluir","Incluir"
"127",7307,0.216245212414195,88,6,2,4,0.020821243118299,0.0573171254536448,2.21468150877073,0.0609817762553713,0.00371877703526017,0.282002896501436,0.116235099355386,0.316255325473004,14.6666666666667,0.088879134788102,-0.2,1,"Incluir","Excluir","Incluir","Incluir","Incluir"
"128",7308,0.250091505976698,146,15,2,13,0.0174390045648022,0.031627120818787,1.03647861512032,0.0361163903442377,0.00130439365149734,0.144412702875254,0.190860625812148,0.309322386141248,9.73333333333333,0.00417694066263158,-0.0714285714285714,1,"Incluir","Excluir","Incluir","Incluir","Incluir"
"129",7309,0.2181509888637,50,6,2,4,0.0281924207793374,0.0412861935023277,0.624926196872532,0.0499936232264762,0.00249936236331086,0.229169821722477,0.136161446772279,0.300140530955121,8.33333333333333,-0.0511464276992001,-0.2,1,"Incluir","Excluir","Incluir","Incluir","Incluir"
"130",7401,0.175289096322481,343,64,2,62,0.00999653091073209,0.0227492246061437,1.63601719925101,0.0248486991697754,0.000617457850429997,0.141758384811688,0.13453722968405,0.216040962960913,5.359375,0.14589641846618,-0.0158730158730158,1,"Incluir","Incluir","Incluir","Incluir","Incluir"
"131",7402,0.342343759541376,88,7,2,5,0.0262225233503089,0.0587488666741472,1.84896961867587,0.0643354495309874,0.00413905006635422,0.187926456194718,0.236833622310557,0.447853896772195,12.5714285714286,0.073367744823841,-0.166666666666667,1,"Incluir","Excluir","Incluir","Incluir","Incluir"
"132",7403,0.268353784804707,113,15,2,13,0.0188825587305011,0.0386150131855083,1.05636818979953,0.0429845352135835,0.0018476702675278,0.160178606181632,0.19785914705443,0.338848422554984,7.53333333333333,0.00862778415298875,-0.0714285714285714,1,"Incluir","Excluir","Incluir","Incluir","Incluir"
"133",7404,0.208170575726179,154,30,2,28,0.0151009664824064,0.0247769346590149,0.746844599843485,0.0290161279256874,0.000841935679799856,0.139386307716487,0.160584125928052,0.255757025524307,5.13333333333333,-0.061247274231415,-0.0344827586206897,1,"Incluir","Incluir","Incluir","Excluir","Incluir"
"134",7405,0.204275430593794,95,8,2,6,0.0232058176367624,0.0331111363670178,0.917685972239382,0.0404333689383648,0.00163485732370593,0.197935546241816,0.137964705534876,0.270586155652712,11.875,-0.00756910600097641,-0.142857142857143,1,"Incluir","Excluir","Incluir","Incluir","Incluir"
"135",7406,0.21252744914486,128,26,2,24,0.0203848916576938,0.0399335581301205,1.69254549865807,0.0448356205803781,0.00201023287282762,0.210963904948663,0.13899703139304,0.28605786689668,4.92307692307692,0.176531205540291,-0.04,1,"Incluir","Incluir","Incluir","Incluir","Incluir"
"136",7407,0.203238391699675,81,10,2,8,0.0194627304705176,0.0543353377689609,1.84729426042069,0.0577159146842107,0.00333112680783509,0.283981359041147,0.108584291617569,0.29789249178178,8.1,0.119337219777563,-0.111111111111111,1,"Incluir","Excluir","Incluir","Incluir","Incluir"
"137",7408,0.289836006966866,97,8,2,6,0.0252335148062572,0.0523626206505056,1.83763572471519,0.0581255048224646,0.00337857431086636,0.200546182756063,0.194510179058024,0.385161834875708,12.125,0.0752930988508032,-0.142857142857143,1,"Incluir","Excluir","Incluir","Incluir","Incluir"
"138",8101,0.15768299712391,998,169,2,167,0.00587384544007075,0.0114148431107848,1.34386662186175,0.0128374726288967,0.000164800703497672,0.0814131698600883,0.13662954201252,0.178736452235301,5.90532544378698,0.0701006744205496,-0.00595238095238093,1,"Incluir","Incluir","Incluir","Incluir","Incluir"
"139",8102,0.257740364123385,373,84,2,82,0.0107678087186008,0.0421753833054919,4.43463351037683,0.0435282513037859,0.00189470866156554,0.168884107275289,0.186354031985176,0.329126696261594,4.44047619047619,0.998301781562816,-0.0120481927710843,1,"Incluir","Incluir","Incluir","Incluir","Incluir"
"140",8103,0.200931540274623,327,53,1,52,0.0100770601595158,0.0374771900834517,3.61417749306269,0.0388083356768835,0.00150608691800967,0.193142080252022,0.137285869764534,0.264577210784712,6.16981132075472,0.505662069825994,-0.0192307692307692,1,"Incluir","Incluir","Incluir","Incluir","Incluir"
"141",8104,0.155872964568875,69,14,2,12,0.0227438634949782,0.0291389806245399,0.619604714367455,0.0369643547017328,0.00136636351851551,0.237144105162634,0.095251422858033,0.216494506279716,4.92857142857143,-0.0968278908882841,-0.0769230769230769,0,"Excluir","Excluir","Incluir","Excluir","Incluir"
"142",8105,0.27651049559943,96,18,2,16,0.0264471543899114,0.0350367349701446,0.858688595872426,0.0438978902988739,0.00192702477269196,0.158756687350005,0.204517955509277,0.348503035689584,5.33333333333333,-0.0326103240294401,-0.0588235294117647,1,"Incluir","Incluir","Incluir","Incluir","Incluir"
"143",8106,0.28158632561603,162,45,1,44,0.0177952063755569,0.0343094468860627,1.23689668015263,0.0386498061518582,0.00149380751557622,0.137257397237965,0.218200643526982,0.344972007705077,3.6,0.0911141077510114,-0.0227272727272727,1,"Incluir","Incluir","Incluir","Incluir","Incluir"
"144",8107,0.187857912295871,179,32,2,30,0.014488614118534,0.0220827378289038,0.799760340735877,0.0264114984257971,0.000697567249095884,0.140592951891213,0.144543054877564,0.231172769714178,5.59375,-0.0435895856901493,-0.032258064516129,1,"Incluir","Incluir","Incluir","Excluir","Incluir"
"145",8108,0.147413009278039,461,83,1,82,0.00993493755842164,0.0216883008067492,2.58621221936507,0.0238555103943256,0.000569085376173776,0.161827714603744,0.108289972231345,0.186536046324733,5.55421686746988,0.348295275680689,-0.0121951219512195,1,"Incluir","Incluir","Incluir","Incluir","Incluir"
"146",8109,0.157583015882713,70,13,2,11,0.024769281550592,0.03374041492302,0.866135328224266,0.0418560976168353,0.00175193290771005,0.265613000121715,0.0889390157911035,0.226227015974323,5.38461538461539,-0.0305305391769218,-0.0833333333333333,1,"Incluir","Excluir","Incluir","Incluir","Incluir"
"147",8110,0.180338009301297,608,133,2,131,0.0076007227191784,0.0164491871602546,1.49780504544866,0.0181203406172986,0.00032834674408692,0.100479874916575,0.150620650688928,0.210055367913667,4.57142857142857,0.139385412725626,-0.00757575757575757,1,"Incluir","Incluir","Incluir","Incluir","Incluir"
"148",8111,0.166136625778835,177,37,2,35,0.0159846712180311,0.0208124036054201,0.787379771997051,0.0262424438226217,0.000688665857783457,0.157957004962628,0.123099017909735,0.209174233647935,4.78378378378378,-0.0561924888293507,-0.0277777777777777,1,"Incluir","Incluir","Incluir","Excluir","Incluir"
"149",8112,0.180325509003173,308,72,1,71,0.0106686731146654,0.0230144143088405,1.45817749658667,0.0253669835023116,0.000643483852006547,0.140673294879568,0.138723656059382,0.221927361946964,4.27777777777778,0.139782965060339,-0.0140845070422535,1,"Incluir","Incluir","Incluir","Incluir","Incluir"
"150",8201,0.314200369327229,91,24,2,22,0.02096206835955,0.0812513070053248,3.38224766715546,0.083911758413133,0.007041183199984,0.267064480518613,0.176585085529691,0.451815653124768,3.79166666666667,0.853342447936283,-0.0434782608695652,1,"Incluir","Incluir","Incluir","Incluir","Incluir"
"151",8202,0.163798930191446,110,19,2,17,0.0159623082081153,0.0264159945038909,0.718402182885053,0.0308642195585837,0.000952600048960462,0.188427479486649,0.113181610115369,0.214416250267523,5.78947368421053,-0.0587951486283956,-0.0555555555555556,1,"Incluir","Incluir","Incluir","Excluir","Incluir"
"152",8203,0.314183576683387,129,22,2,20,0.0150083060400007,0.053459187695723,2.07532027305873,0.0555259758966635,0.00308313399927686,0.176730994289428,0.223120976212858,0.405246177153915,5.86363636363636,0.221093887918618,-0.0476190476190477,1,"Incluir","Incluir","Incluir","Incluir","Incluir"
"153",8204,0.199417771533258,55,6,2,4,0.0277174282178095,0.00943273959448239,0.0401646697702088,0.0292785314397211,0.000857232403266737,0.146820071323674,0.151400979972115,0.2474345630944,9.16666666666667,-0.117530856762832,-0.2,1,"Incluir","Excluir","Incluir","Incluir","Incluir"
"154",8205,0.214289455767392,129,28,2,26,0.0176527513046133,0.0379448028680332,1.49896308094733,0.0418500620467453,0.00175142769331643,0.19529687961956,0.14565535401073,0.282923557524054,4.60714285714286,0.138326398678468,-0.037037037037037,1,"Incluir","Incluir","Incluir","Incluir","Incluir"
"155",8206,0.295131063425196,79,19,2,17,0.0264332031899073,0.0343418610382066,0.596660831559399,0.0433367932644586,0.00187807765044642,0.146839145840854,0.224058722471484,0.366203404378908,4.15789473684211,-0.12772407000619,-0.0555555555555556,1,"Incluir","Incluir","Incluir","Excluir","Incluir"
"156",8207,0.199464999698835,53,6,2,4,0.0288963480898309,0.0949565441683067,4.28540272679057,0.0992559530371667,0.00985174421331625,0.497610875025842,0.0366852367178818,0.362244762679789,8.83333333333333,0.419413114058371,-0.2,1,"Incluir","Excluir","Incluir","Incluir","Incluir"
"157",8301,0.204096630600591,668,107,2,105,0.0076776112685191,0.0145913272285993,1.17934762588086,0.0164879515126214,0.000271852545082555,0.0807850255249323,0.177056390119892,0.23113687108129,6.24299065420561,0.0342071229398423,-0.00943396226415105,1,"Incluir","Incluir","Incluir","Incluir","Incluir"
"158",8302,0.33064513992372,53,6,2,4,0.0345485554720039,0.0776206288943085,2.09107127963023,0.0849621369502326,0.00721856471515009,0.256958674698299,0.191307235325339,0.469983044522102,8.83333333333333,0.139285695271944,-0.2,1,"Incluir","Excluir","Incluir","Incluir","Incluir"
"159",8303,0.215296627789048,112,24,2,22,0.017406293796666,0.0407490277419261,1.41075631948345,0.0443109729711289,0.00196346232564812,0.205813595067294,0.142626632116397,0.287966623461699,4.66666666666667,0.112024450768213,-0.0434782608695652,1,"Incluir","Incluir","Incluir","Incluir","Incluir"
"160",8304,0.216085059878325,87,18,2,16,0.0212600845999861,0.0410231516520624,1.08959942450074,0.0462048716984116,0.00213489016866668,0.213827238793969,0.140309070292929,0.29186104946372,4.83333333333333,0.0233737629132359,-0.0588235294117647,1,"Incluir","Incluir","Incluir","Incluir","Incluir"
"161",8305,0.242353797226477,106,23,2,21,0.023593507745968,0.0372967888863901,1.12593858636013,0.0441328003756277,0.001947704068995,0.182100717548841,0.169976004610447,0.314731589842506,4.60869565217391,0.0348986444130477,-0.0454545454545454,1,"Incluir","Incluir","Incluir","Incluir","Incluir"
"162",8306,0.159805580218436,98,18,2,16,0.0209418657538362,0.0391183534148152,1.62570128387672,0.0443712442369839,0.00196880731513808,0.277657664872112,0.0870367396697823,0.23257442076709,5.44444444444444,0.140782788872261,-0.0588235294117647,1,"Incluir","Incluir","Incluir","Incluir","Incluir"
"163",8307,0.326710656244165,55,6,2,4,0.0364533267447509,0.0579784397559613,1.20227985393621,0.0684860898817797,0.00469034450729521,0.209623067300863,0.214393468838046,0.439027843650283,9.16666666666667,0.0247689617064746,-0.2,1,"Incluir","Excluir","Incluir","Incluir","Incluir"
"164",8308,0.171354439368257,52,6,2,4,0.0378458029190142,0.0661895646276555,2.71978563734014,0.0762454147092365,0.00581336326418345,0.44495733516059,0.046311959245109,0.296396919491405,8.66666666666667,0.224319865740018,-0.2,1,"Incluir","Excluir","Incluir","Incluir","Incluir"
"165",8309,0.161717694153716,46,6,2,4,0.0252042027816619,0.0619530871699908,1.65906665838098,0.0668837562323739,0.00447343684775162,0.413583415113496,0.0520283339326231,0.271407054374809,7.66666666666667,0.098859998757147,-0.2,0,"Excluir","Excluir","Excluir","Incluir","Incluir"
"166",8310,0.259034186202832,60,6,2,4,0.0291406375898437,0.0471302293635994,0.96661301448254,0.0554115085429742,0.0030704352790081,0.213915813025487,0.168159312192355,0.34990906021331,10,-0.00370966505749559,-0.2,1,"Incluir","Excluir","Incluir","Incluir","Incluir"
"167",8311,0.257121395266163,58,10,2,8,0.0311602047089411,0.0397676440724061,0.689304532105013,0.0505215189060334,0.00255242387257269,0.196488973053896,0.174266104260269,0.339976686272058,5.8,-0.0647282224781222,-0.111111111111111,1,"Incluir","Excluir","Incluir","Incluir","Incluir"
"168",8312,0.340525407629529,57,13,2,11,0.0384429959480447,0.03428361548077,0.429321806144922,0.0515095158965281,0.00265323022789468,0.151264824128974,0.256049801559223,0.425001013699835,4.38461538461539,-0.168609466366273,-0.0833333333333333,0,"Excluir","Excluir","Incluir","Excluir","Incluir"
"169",8313,0.318960270337187,80,15,2,13,0.0284961012514482,0.0507798702098562,1.30315640803201,0.0582290563641781,0.00339062300506263,0.182558963543082,0.223464617899935,0.414455922774439,5.33333333333333,0.06995917108431,-0.0714285714285714,1,"Incluir","Excluir","Incluir","Incluir","Incluir"
"170",8314,0.284609675009996,48,6,2,4,0.0405089914959035,0.0225014048471318,0.180282196709401,0.0463388779763786,0.00214729161210971,0.16281554017709,0.208613915128736,0.360605434891257,8,-0.117102543327228,-0.2,0,"Excluir","Excluir","Excluir","Incluir","Incluir"
"171",9101,0.218812435967584,1117,242,2,240,0.00633418515387489,0.0142316173605582,1.80080415282291,0.0155775747233294,0.000242660834260911,0.0711914505884718,0.193265213421324,0.244359658513844,4.61570247933884,0.221479548552164,-0.00414937759336098,1,"Incluir","Incluir","Incluir","Incluir","Incluir"
"172",9102,0.341637915568177,103,14,2,12,0.0254357009250002,0.0505461920650311,1.56874133575172,0.0565852667557649,0.00320189241382107,0.165629352531489,0.248838078088723,0.434437753047632,7.35714285714286,0.0894649292193711,-0.0769230769230769,1,"Incluir","Excluir","Incluir","Incluir","Incluir"
"173",9103,0.274944447423388,84,13,2,11,0.0257648333160138,0.0506062985456328,1.50783519336572,0.0567875346206515,0.0032248240882917,0.206541849282027,0.181812890645519,0.368076004201256,6.46153846153846,0.0929839086444282,-0.0833333333333333,1,"Incluir","Excluir","Incluir","Incluir","Incluir"
"174",9104,0.33526542432128,55,6,2,4,0.0372946685838381,0.0813090652527955,2.13958626207139,0.0894542139703976,0.00800205639706168,0.266816102947362,0.188560513409828,0.481970335232733,9.16666666666667,0.139541174947517,-0.2,1,"Incluir","Excluir","Incluir","Incluir","Incluir"
"175",9105,0.218412096534246,116,17,2,15,0.0215453667371048,0.0246002951715993,0.591563468624507,0.0327013356052341,0.00106937735036615,0.149723097411441,0.164781906141662,0.27204228692683,6.82352941176471,-0.0701355659937716,-0.0625,1,"Incluir","Incluir","Incluir","Excluir","Incluir"
"176",9106,0.237673629181183,77,6,2,4,0.0240037771692675,0.0310803634169059,0.53123491108348,0.0392704762960521,0.00154217030851879,0.165228580180915,0.173270048055658,0.302077210306709,12.8333333333333,-0.039613951176044,-0.2,1,"Incluir","Excluir","Incluir","Incluir","Incluir"
"177",9107,0.174336608589571,69,12,2,10,0.0240071045080126,0.0252088256834056,0.434746827810708,0.0348112906855659,0.00121182595919497,0.199678604322972,0.117246091865243,0.2314271253139,5.75,-0.119000667829325,-0.0909090909090908,0,"Excluir","Excluir","Incluir","Excluir","Incluir"
"178",9108,0.27994070829934,133,26,2,24,0.0160134483048709,0.032073589240987,0.822566474358227,0.035848928204513,0.00128514565341233,0.128059003716529,0.221148466043939,0.338732950554742,5.11538461538461,-0.0431146884737018,-0.04,1,"Incluir","Incluir","Incluir","Excluir","Incluir"
"179",9109,0.312319454798197,116,22,2,20,0.0228926597488018,0.0376662702818116,1.07442505997845,0.0440774521418479,0.00194282178731689,0.141129383599649,0.240032433285567,0.384606476310828,5.27272727272727,0.0174186310587858,-0.0476190476190477,1,"Incluir","Incluir","Incluir","Incluir","Incluir"
"180",9110,0.238924329708738,55,6,2,4,0.0312929203138294,0.0677652220275628,1.98610414695112,0.0746416249703378,0.00557137217821256,0.312406966093951,0.116512064757384,0.361336594660092,9.16666666666667,0.120747446565444,-0.2,1,"Incluir","Excluir","Incluir","Incluir","Incluir"
"181",9111,0.239351645376329,116,18,2,16,0.019353388988024,0.0256021411397821,0.552965619489956,0.0320939760120663,0.00103002329626309,0.134087133437522,0.18671752471654,0.291985766036118,6.44444444444444,-0.0821083556038856,-0.0588235294117647,1,"Incluir","Incluir","Incluir","Excluir","Incluir"
"182",9112,0.286516116031869,244,39,2,37,0.0142793888775764,0.0276785125838847,1.20552898282975,0.0311448391482973,0.000970001005573315,0.10870187541155,0.235438579828662,0.337593652235077,6.25641025641026,0.0391006357578542,-0.0263157894736843,1,"Incluir","Incluir","Incluir","Incluir","Incluir"
"183",9113,0.175553006072418,52,6,2,4,0.0254919860745668,0.0707488735243507,2.41202302160822,0.0752013594224896,0.00565524445899047,0.428368394850887,0.0522227766195348,0.298883235525301,8.66666666666667,0.184176915861942,-0.2,1,"Incluir","Excluir","Incluir","Incluir","Incluir"
"184",9114,0.249193688124807,99,19,2,17,0.0216342331482669,0.0385430855893171,1.03815052622713,0.0441996548703606,0.00195360949065899,0.177370683836196,0.176706254137415,0.321681122112198,5.21052631578947,0.00906074997894253,-0.0555555555555556,1,"Incluir","Incluir","Incluir","Incluir","Incluir"
"185",9115,0.289669293320116,104,20,2,18,0.0239239467769406,0.0268057441869895,0.490692513027393,0.0359291406911466,0.00129090315080421,0.124035034156834,0.230745502586636,0.348593084053597,5.2,-0.12126368737443,-0.0526315789473684,1,"Incluir","Incluir","Incluir","Excluir","Incluir"
"186",9116,0.302457697178107,78,7,2,5,0.0284325186115763,0.0236658047528759,0.28498155121541,0.0369929510744801,0.00136847842919888,0.12230785137763,0.24178925741596,0.363126136940254,11.1428571428571,-0.0704947766407343,-0.166666666666667,1,"Incluir","Excluir","Incluir","Incluir","Incluir"
"187",9117,0.389506618868088,93,6,2,4,0.0262600103610795,0.0456808941641511,1.12740105333987,0.0526909122695781,0.00277633223580038,0.135276038242171,0.30309352274598,0.475919714990196,15.5,0.00878627954068036,-0.2,1,"Incluir","Excluir","Incluir","Incluir","Incluir"
"188",9118,0.269173591454085,61,6,2,4,0.0305920711848457,0.0812799041029989,2.7880276648329,0.0868464025183045,0.00754229763037136,0.322640872936893,0.126745491324065,0.411601691584104,10.1666666666667,0.195057563436316,-0.2,1,"Incluir","Excluir","Incluir","Incluir","Incluir"
"189",9119,0.20871518255771,82,7,2,5,0.0213381213395221,0.0337139278579063,0.72458335637042,0.0398991773587912,0.00159194435390828,0.191165668303786,0.143280531689292,0.274149833426127,11.7142857142857,-0.0257055534054274,-0.166666666666667,1,"Incluir","Excluir","Incluir","Incluir","Incluir"
"190",9120,0.260069781226007,178,35,2,33,0.0178775859411798,0.0519179355437726,3.47563977593735,0.0549097451297272,0.0030150801102116,0.211134661131618,0.170017799213255,0.35012176323876,5.08571428571429,0.605925819285365,-0.0294117647058822,1,"Incluir","Incluir","Incluir","Incluir","Incluir"
"191",9121,0.204054583843873,59,6,2,4,0.024219469605603,0.0572188550770136,1.40609204458093,0.0621335664862481,0.00386058008430101,0.304494833273572,0.102155534806426,0.30595363288132,9.83333333333333,0.0459726842921802,-0.2,1,"Incluir","Excluir","Incluir","Incluir","Incluir"
"192",9201,0.243199249399406,184,44,2,42,0.0156283317068217,0.0238588287998182,0.756820273353593,0.0285217191564163,0.000813488463637483,0.117277167700362,0.196423629982884,0.289974868815929,4.18181818181818,-0.0764279140888707,-0.0232558139534884,1,"Incluir","Incluir","Incluir","Excluir","Incluir"
"193",9202,0.126919522294331,87,19,2,17,0.0190300160065639,0.03741042370759,1.60152804417087,0.0419723874850061,0.00176168131119149,0.330700799422098,0.058084806818921,0.195754237769741,4.57894736842105,0.168074012341861,-0.0555555555555556,1,"Incluir","Incluir","Incluir","Incluir","Incluir"
"194",9203,0.243676176757327,86,18,2,16,0.031745934261912,0.0402957417312733,1.29403898957292,0.0512986466082207,0.00263155114383512,0.210519745060298,0.159546396319845,0.327805957194809,4.77777777777778,0.0778338501810674,-0.0588235294117647,1,"Incluir","Incluir","Incluir","Incluir","Incluir"
"195",9204,0.191158749864142,46,6,2,4,0.0268530290873207,0.0573165567521631,1.24155960138601,0.06329512500255,0.00400627284908843,0.331112884173674,0.0873547448599602,0.294962754868324,7.66666666666667,0.0362339402079022,-0.2,0,"Excluir","Excluir","Excluir","Incluir","Incluir"
"196",9205,0.290301236695117,48,6,2,4,0.0316892112893333,0.0160988191066472,0.0786066119109153,0.035544030283137,0.00126337808876856,0.122438439077221,0.232009027030773,0.348593446359462,8,-0.131627626869869,-0.2,0,"Excluir","Excluir","Excluir","Incluir","Incluir"
"197",9206,0.301724044750217,55,6,2,4,0.0296999989090207,0.0450793271788166,0.678431140029839,0.0539836611771619,0.00291423567409062,0.178917332298964,0.213190840419671,0.390257249080762,9.16666666666667,-0.0393757787718564,-0.2,1,"Incluir","Excluir","Incluir","Incluir","Incluir"
"198",9207,0.365457270037017,65,6,2,4,0.0270993684249242,0.0404882965345887,0.578919732071239,0.048720405635653,0.00237367792530256,0.133313548888268,0.285555804794546,0.445358735279488,10.8333333333333,-0.0428217221622468,-0.2,1,"Incluir","Excluir","Incluir","Incluir","Incluir"
"199",9208,0.298728360276753,69,13,2,11,0.0246800884951444,0.0551114163668749,1.25118285580565,0.0603852215537147,0.00364637498209121,0.202140906533855,0.199696596928661,0.397760123624845,5.30769230769231,0.0583103058120263,-0.0833333333333333,1,"Incluir","Excluir","Incluir","Incluir","Incluir"
"200",9209,0.317519073389124,54,11,2,9,0.0293691970492147,0.0513892849238044,0.846165089173535,0.0591895965545936,0.00350340834029555,0.186412727660161,0.22044813503959,0.414590011738657,4.90909090909091,-0.0393531167230493,-0.1,1,"Incluir","Excluir","Incluir","Incluir","Incluir"
"201",9210,0.260793006921107,76,20,2,18,0.0273842254251984,0.0412955216167519,0.952592007198369,0.0495501352948476,0.0024552159077377,0.189997944652853,0.179530785037557,0.342055228804657,3.8,-0.0169314260005826,-0.0526315789473684,1,"Incluir","Incluir","Incluir","Incluir","Incluir"
"202",9211,0.209914557965734,154,31,2,29,0.0166367785019528,0.0298242459066575,1.13480826898986,0.0341506667991097,0.00116626804282381,0.162688415372718,0.153907464415194,0.265921651516274,4.96774193548387,0.0339760677941912,-0.0333333333333334,1,"Incluir","Incluir","Incluir","Incluir","Incluir"
"203",10101,0.232120617302106,879,171,2,169,0.00676551521274509,0.0160477281744079,1.67182777211108,0.0174155613074506,0.00030330177565357,0.0750280673464872,0.203559096757887,0.260682137846325,5.14035087719298,0.162263487331913,-0.00588235294117645,1,"Incluir","Incluir","Incluir","Incluir","Incluir"
"204",10102,0.18286566581364,130,16,2,14,0.0182732003167254,0.025874017440606,0.784088643652412,0.0316760892209243,0.00100337462833196,0.173220539131745,0.130916879491324,0.234814452135956,8.125,-0.0303033482593106,-0.0666666666666667,1,"Incluir","Incluir","Incluir","Incluir","Incluir"
"205",10104,0.232548265504899,68,12,2,10,0.0302938055548474,0.066083890085463,2.61624323063313,0.0726965967829476,0.00528479518382247,0.312608639007097,0.113325846780865,0.351770684228933,5.66666666666667,0.34633783513567,-0.0909090909090908,1,"Incluir","Excluir","Incluir","Incluir","Incluir"
"206",10105,0.242786282957506,86,14,2,12,0.0230434127554047,0.0438823141495881,1.17644221158588,0.0495646685305076,0.00245665636653909,0.20414937749668,0.161500226567473,0.324072339347538,6.14285714285714,0.0343082078083654,-0.0769230769230769,1,"Incluir","Excluir","Incluir","Incluir","Incluir"
"207",10106,0.270699388303503,78,10,2,8,0.0250193021604595,0.0592466379934385,1.81473710359659,0.064312748301732,0.00413612959412193,0.237579954298329,0.165226481088663,0.376172295518343,7.8,0.119814279940676,-0.111111111111111,1,"Incluir","Excluir","Incluir","Incluir","Incluir"
"208",10107,0.146411558621061,53,16,2,14,0.0279896317160651,0.0355323675683941,0.803617610516469,0.0452323847328043,0.00204596862861642,0.308939985058651,0.0722304476592618,0.22059266958286,3.3125,-0.0849221143712568,-0.0666666666666667,1,"Incluir","Incluir","Incluir","Excluir","Incluir"
"209",10108,0.203184496097285,83,7,2,5,0.0217120957568741,0.0559270034767017,2.1121068931454,0.0599937065035882,0.00359924482003868,0.295267147129489,0.1047948174314,0.30157417476317,11.8571428571429,0.102430898052866,-0.166666666666667,1,"Incluir","Excluir","Incluir","Incluir","Incluir"
"210",10109,0.202888762786692,161,29,2,27,0.0130464766977309,0.0362831529706839,1.59720390692428,0.0385574602861559,0.00148667774371849,0.190042364873078,0.139654527917397,0.266122997655988,5.55172413793103,0.131203888642456,-0.0357142857142858,1,"Incluir","Incluir","Incluir","Incluir","Incluir"
"211",10201,0.192931190427667,194,28,2,26,0.0144257394835514,0.027250373646462,1.23777808820945,0.0308331773179328,0.000950684823519085,0.159814373454005,0.142364779626257,0.243497601229077,6.92857142857143,0.040107147408823,-0.037037037037037,1,"Incluir","Incluir","Incluir","Incluir","Incluir"
"212",10202,0.239037813615648,152,31,2,29,0.0156400630203627,0.0273320376325176,0.797084134437657,0.0314905041627834,0.000991651852426276,0.131738588495531,0.187393386788683,0.290682240442613,4.90322580645161,-0.0519867093589473,-0.0333333333333334,1,"Incluir","Incluir","Incluir","Excluir","Incluir"
"213",10203,0.263601151984626,75,6,2,4,0.025866081434275,0.0672541629134308,2.30357725293966,0.0720567595576629,0.00519217659795084,0.273355252870312,0.145428066310059,0.381774237659193,12.5,0.113354543733883,-0.2,1,"Incluir","Excluir","Incluir","Incluir","Incluir"
"214",10204,0.258991443316005,12,3,1,2,0.0738237769041166,0.0455600962676678,0.177037697237013,0.0867506334749662,0.00752567240830793,0.334955596850042,0.116720404417061,0.40126248221495,4,-0.274320767587662,-0.5,0,"Excluir","Excluir","Excluir","Incluir","Excluir"
"215",10205,0.196573262428171,71,6,2,4,0.032340998559697,0.038751407684587,1.09054288669767,0.0504738723041476,0.00254761178537539,0.256768757259605,0.113796111849369,0.279350413006973,11.8333333333333,0.00835780492593914,-0.2,1,"Incluir","Excluir","Incluir","Incluir","Incluir"
"216",10206,0.194377523566927,20,3,1,2,0.0363927488695813,0.0399054770853543,0.236004186575336,0.0540081407909414,0.00291687927169415,0.277851779361442,0.105804172669784,0.282950874464071,6.66666666666667,-0.134822790604352,-0.5,0,"Excluir","Excluir","Excluir","Incluir","Excluir"
"217",10207,0.359209219178951,49,6,2,4,0.0365778534665043,0.112843303110901,3.69620471200292,0.118623566044845,0.0140715504211957,0.330235304973476,0.164666570865405,0.553751867492497,8.16666666666667,0.376214610977152,-0.2,0,"Excluir","Excluir","Excluir","Incluir","Incluir"
"218",10208,0.323042176707751,67,13,2,11,0.0295156107999234,0.0501251926276268,1.02881967538358,0.0581696331159932,0.00338370621684925,0.180068230436108,0.227643978397522,0.41844037501798,5.15384615384615,0.00693806999974986,-0.0833333333333333,1,"Incluir","Excluir","Incluir","Incluir","Incluir"
"219",10209,0.141787286190882,66,6,2,4,0.0269608704836476,0.0234620529123911,0.468898081860493,0.035740124007897,0.00127735646409986,0.252068609027341,0.0831734828179306,0.200401089563833,11,-0.0531101918139507,-0.2,1,"Incluir","Excluir","Incluir","Incluir","Incluir"
"220",10210,0.227552472939932,67,6,2,4,0.0227680363313083,0.0735915202184267,2.51862770257576,0.0770330794298325,0.00593409532644288,0.338528860770356,0.101218222675007,0.353886723204857,11.1666666666667,0.149373216646796,-0.2,1,"Incluir","Excluir","Incluir","Incluir","Incluir"
"221",10301,0.205037711190178,818,163,2,161,0.00692746257559039,0.0152233213013417,1.55928622529624,0.0167254072948939,0.000279739249180089,0.0815723468517488,0.177608043226552,0.232467379153804,5.01840490797546,0.139181152249293,-0.00617283950617287,1,"Incluir","Incluir","Incluir","Incluir","Incluir"
"222",10302,0.220256860526613,76,6,2,4,0.0265006406623167,0.0442866089716427,1.25760013303378,0.0516099572729955,0.00266358768972042,0.234317138406499,0.135616530598901,0.304897190454326,12.6666666666667,0.0220800114028951,-0.2,1,"Incluir","Excluir","Incluir","Incluir","Incluir"
"223",10303,0.154558485343526,98,16,2,14,0.0205332546894003,0.0497117671021146,2.6220278919663,0.0537854472562482,0.00289287433655466,0.347994140449186,0.0663503518432785,0.242766618843773,6.125,0.316493247212936,-0.0666666666666667,1,"Incluir","Incluir","Incluir","Incluir","Incluir"
"224",10304,0.311588441274843,77,6,2,4,0.0291764271262682,0.0443660085849965,1.02432248600249,0.053099968150823,0.00281960661761842,0.170417002420141,0.224504493507493,0.398672389042193,12.8333333333333,0.00205542135232268,-0.2,1,"Incluir","Excluir","Incluir","Incluir","Incluir"
"225",10305,0.18278655613446,77,12,2,10,0.0218463607685378,0.0346232076640039,0.852484703685118,0.0409393452289341,0.00167602998777385,0.223973502727513,0.115646029959008,0.249927082309911,6.41666666666667,-0.0272335931658243,-0.0909090909090908,1,"Incluir","Excluir","Incluir","Incluir","Incluir"
"226",10306,0.319247054329075,62,6,2,4,0.0315180347701043,0.0354155322105632,0.500666436138354,0.0474093496847082,0.00224764643752694,0.148503640180308,0.241495720846154,0.396998387811997,10.3333333333333,-0.053500024699462,-0.2,1,"Incluir","Excluir","Incluir","Incluir","Incluir"
"227",10307,0.1570238510295,78,6,2,4,0.0278218788978992,0.0315964767303644,0.931902903530454,0.042099813386544,0.00177239428718183,0.268110946907262,0.0879801570755673,0.226067544983432,13,-0.00567475803912886,-0.2,1,"Incluir","Excluir","Incluir","Incluir","Incluir"
"228",11101,0.180975497234903,997,221,2,219,0.00564114088317169,0.0117851866043308,1.23909296590541,0.0130657220911318,0.00017071309376269,0.0721960833967084,0.159547713005447,0.202403281464359,4.51131221719457,0.0680921977642972,-0.00454545454545463,1,"Incluir","Incluir","Incluir","Incluir","Incluir"
"229",11201,0.235135842850138,395,87,2,85,0.0105620390499026,0.0254838146285506,1.89296206628448,0.027585892715553,0.000760981476913998,0.117318960738515,0.189894978796631,0.280376706903645,4.54022988505747,0.252232791450485,-0.0116279069767442,1,"Incluir","Incluir","Incluir","Incluir","Incluir"
"230",11202,0.189138073420751,86,7,2,5,0.0165281470323606,0.0361019466530053,0.88611873134162,0.0397055436489638,0.00157653019645977,0.209928878574522,0.12402098183645,0.254255165005051,12.2857142857143,-0.0100907453241603,-0.166666666666667,1,"Incluir","Excluir","Incluir","Incluir","Incluir"
"231",11301,0.0829494154723438,78,7,2,5,0.0212817648772417,0.0239027622399071,1.0454479302253,0.032003992860075,0.00102425555898773,0.38582541754915,0.0304628671818208,0.135435963762867,11.1428571428571,0.00448078185319839,-0.166666666666667,1,"Incluir","Excluir","Incluir","Incluir","Incluir"
"232",11401,0.180760954323898,73,7,2,5,0.0193077408623268,0.0276783930502698,0.46271928865313,0.0337473302507322,0.00113888229905199,0.186695906629602,0.125415332712697,0.236106575935099,10.4285714285714,-0.0569843178701226,-0.166666666666667,1,"Incluir","Excluir","Incluir","Incluir","Incluir"
"233",11402,0.144477977392448,66,5,1,4,0.0274797686126587,0.0196129060439492,0.341381668622725,0.0337609799397772,0.00113980376649404,0.233675613052581,0.0891099702912133,0.199845984493683,13.2,-0.0539851091292848,-0.25,1,"Incluir","Excluir","Incluir","Incluir","Incluir"
"234",12101,0.145913411743329,1594,391,2,389,0.00423147019785484,0.0086350789150235,1.27936400050438,0.00961612852992394,9.24699279040171e-05,0.0659029791369645,0.130142960954254,0.161683862532405,4.076726342711,0.0907991057333433,-0.00256410256410255,1,"Incluir","Incluir","Incluir","Incluir","Incluir"
"235",12301,0.173805350315058,53,7,2,5,0.0239321237983471,0.0379646203856387,0.645341461513942,0.0448782681319708,0.00201405895052506,0.258209934565418,0.100204990578626,0.24740571005149,7.57142857142857,-0.0539697775957045,-0.166666666666667,1,"Incluir","Excluir","Incluir","Incluir","Incluir"
"236",12401,0.176338452887402,214,65,2,63,0.0132915666318123,0.0212411712319388,0.90269750985993,0.0250569970034809,0.000627853098832451,0.142096046512785,0.135244977801693,0.217431927973111,3.29230769230769,-0.0424473950275473,-0.015625,1,"Incluir","Incluir","Incluir","Excluir","Incluir"
"237",13101,0.180092442509531,1391,149,1,148,0.00487380293814918,0.0117175731002206,1.66552505363354,0.0126907633513089,0.000161055474438926,0.0704680505992764,0.159279590613384,0.200905294405678,9.33557046979866,0.0798415724568416,-0.0067567567567568,1,"Incluir","Incluir","Incluir","Incluir","Incluir"
"238",13102,0.176792466633475,138,22,1,21,0.0162364031764957,0.0241698333081371,0.742790015673817,0.0291170333353667,0.000847801630252853,0.164696120201388,0.129040531963474,0.224544401303477,6.27272727272727,-0.0487812039239313,-0.0476190476190477,1,"Incluir","Incluir","Incluir","Excluir","Incluir"
"239",13103,0.263797540357005,205,36,1,35,0.0144186598486341,0.0308308813668772,1.28292358644323,0.0340358780948732,0.00115844099768907,0.129022727235483,0.207978700281413,0.319616380432597,5.69444444444444,0.0602677462245937,-0.0285714285714285,1,"Incluir","Incluir","Incluir","Incluir","Incluir"
"240",13104,0.19268121767265,195,38,1,37,0.0137712204099038,0.026126024346504,1.12400322959838,0.0295332974747533,0.00087221565973227,0.153275435101973,0.144246609814054,0.241115825531245,5.13157894736842,0.0300135205397359,-0.027027027027027,1,"Incluir","Incluir","Incluir","Incluir","Incluir"
"241",13105,0.289733395861167,258,44,1,43,0.0137327626791818,0.0223082229566404,0.822734247009745,0.0261962894755327,0.000686245582285906,0.0904151535506293,0.246771481121294,0.332695310601041,5.86363636363636,-0.0364471641662207,-0.0232558139534884,1,"Incluir","Incluir","Incluir","Excluir","Incluir"
"242",13106,0.211756532074703,234,43,1,42,0.014661528123838,0.0264702598270454,1.3627668861728,0.0302594623586968,0.000915635062237387,0.14289742121401,0.16213101380644,0.261382050342966,5.44186046511628,0.0816700319656041,-0.0238095238095237,1,"Incluir","Incluir","Incluir","Incluir","Incluir"
"243",13107,0.105777284821746,116,22,1,21,0.0149843157380796,0.0257580590492602,1.15851611634775,0.0297994517419974,0.000888007324123635,0.281718818858084,0.0569061839648701,0.154648385678622,5.27272727272727,0.0370995165920257,-0.0476190476190477,1,"Incluir","Incluir","Incluir","Incluir","Incluir"
"244",13108,0.256854051157421,198,24,1,23,0.0126131326514542,0.0316687828451654,1.24437533006505,0.0340881639601992,0.00116200292217742,0.132714137879442,0.200949462262694,0.312758640052147,8.25,0.0337069420779381,-0.0434782608695652,1,"Incluir","Incluir","Incluir","Incluir","Incluir"
"245",13109,0.202579419719949,180,27,1,26,0.0145951333727554,0.0195051491730777,0.555217238345733,0.0243612143053775,0.000593468762432531,0.120255129267598,0.16262702825913,0.242531811180769,6.66666666666667,-0.0784910755860471,-0.0384615384615385,1,"Incluir","Incluir","Incluir","Excluir","Incluir"
"246",13110,0.171145232438597,723,119,1,118,0.00704296595915992,0.0136111313370032,1.27941360955752,0.0153253471665419,0.000234866265775035,0.0895458608351265,0.146011663085468,0.196278801791725,6.07563025210084,0.0550500323465973,-0.00847457627118642,1,"Incluir","Incluir","Incluir","Incluir","Incluir"
"247",13111,0.219295983979938,169,31,1,30,0.0152101730301219,0.0271673571576876,0.939122024984337,0.0311354244958955,0.00096941465853961,0.14197899993802,0.168233887806669,0.270358080153206,5.45161290322581,-0.0136754871411998,-0.0333333333333334,1,"Incluir","Incluir","Incluir","Incluir","Incluir"
"248",13112,0.293567046313759,252,45,1,44,0.0146199620520579,0.0286503734540739,1.34521004241476,0.0321649994475597,0.00103458718946152,0.109566110540835,0.240816447219761,0.346317645407757,5.6,0.0750456613945126,-0.0227272727272727,1,"Incluir","Incluir","Incluir","Incluir","Incluir"
"249",13113,0.0759183605560632,160,32,1,31,0.0101055121689425,0.0204904388923271,1.25587770044521,0.0228468698555587,0.000521979462196835,0.30093997931748,0.038449493992947,0.113387227119179,5,0.0639694251113032,-0.032258064516129,1,"Incluir","Incluir","Incluir","Incluir","Incluir"
"250",13114,0.0548933793730574,924,142,1,141,0.00382354091141138,0.00815983936064165,1.64964710747532,0.00901123984214788,8.12024434927134e-05,0.164158955871657,0.0401149460319349,0.0696718127141799,6.50704225352113,0.117966610308818,-0.00709219858156018,1,"Incluir","Incluir","Incluir","Incluir","Incluir"
"251",13115,0.0803257019564018,251,44,1,43,0.0089774238187258,0.0159083758652296,1.24369423727126,0.0182666516113503,0.000333670561090445,0.227407307579644,0.0503683933137874,0.110283010599016,5.70454545454545,0.051799741255727,-0.0232558139534884,1,"Incluir","Incluir","Incluir","Incluir","Incluir"
"252",13116,0.234525348434886,133,22,1,21,0.0199574789750712,0.0311976619549183,0.999946143693399,0.0370350520249907,0.00137159507849377,0.157914921658343,0.173787863113901,0.295262833755871,6.04545454545455,-1.06742229298481e-05,-0.0476190476190477,1,"Incluir","Incluir","Incluir","Incluir","Incluir"
"253",13117,0.316890489491438,126,24,1,23,0.0192216678184385,0.0369281142441282,1.00183819409161,0.0416312158764283,0.00173315813534978,0.131374141089688,0.248615295454096,0.385165683528781,5.25,0.000432516256849284,-0.0434782608695652,1,"Incluir","Incluir","Incluir","Incluir","Incluir"
"254",13118,0.184856570944992,216,37,1,36,0.0134643022898386,0.025576398104395,1.26380395159737,0.0289039716327472,0.000835439576146655,0.15635890834169,0.137454057467287,0.232259084422697,5.83783783783784,0.0545293084307422,-0.0277777777777777,1,"Incluir","Incluir","Incluir","Incluir","Incluir"
"255",13119,0.188571836411563,1044,179,1,178,0.00578868850095783,0.0111856279913755,1.1114749651653,0.0125947285847121,0.000158627188122565,0.066790082890341,0.167916481532635,0.209227191290491,5.83240223463687,0.0230682297856524,-0.00561797752808979,1,"Incluir","Incluir","Incluir","Incluir","Incluir"
"256",13120,0.0806111391820895,676,88,1,87,0.00575241139889346,0.0112048705398609,1.61568084319198,0.012595211817082,0.000158639360717161,0.15624654290806,0.0599549918020751,0.101267286562104,7.68181818181818,0.0921427112260099,-0.0114942528735633,1,"Incluir","Incluir","Incluir","Incluir","Incluir"
"257",13121,0.239747498001019,140,29,1,28,0.0190626503060175,0.0301902386685478,0.953413452200682,0.0357048336721148,0.00127483514755339,0.148926824971341,0.181191570778751,0.298303425223288,4.82758620689655,-0.0121712602358578,-0.0357142857142858,1,"Incluir","Incluir","Incluir","Incluir","Incluir"
"258",13122,0.17940771861258,328,60,1,59,0.0106446302469535,0.022626834896787,1.54572585057379,0.025005635575622,0.000625281810540813,0.139378816970635,0.13839847626856,0.2204169609566,5.46666666666667,0.122177429232939,-0.0169491525423728,1,"Incluir","Incluir","Incluir","Incluir","Incluir"
"259",13123,0.0605234890352239,454,85,1,84,0.00621437481295598,0.00946259408549761,1.00135728635988,0.0113207394256204,0.000128159141142796,0.187047039192203,0.0419574763772064,0.0790895016932413,5.34117647058823,0.000312654039539335,-0.0119047619047619,1,"Incluir","Incluir","Incluir","Incluir","Incluir"
"260",13124,0.177901815177426,258,56,1,55,0.0128508555563325,0.0191143135447254,0.917519753285263,0.0230326175415603,0.000530501470815792,0.129468142405345,0.140128322409267,0.215675307945585,4.60714285714286,-0.0228658109704223,-0.0181818181818181,1,"Incluir","Incluir","Incluir","Excluir","Incluir"
"261",13125,0.218685111913375,275,46,1,45,0.0116850038403327,0.0312609511733824,2.04802536666388,0.0333734382857564,0.00111378638301319,0.152609558070767,0.163952673124734,0.273417550702015,5.97826086956522,0.210520379329862,-0.0222222222222221,1,"Incluir","Incluir","Incluir","Incluir","Incluir"
"262",13126,0.212329916537745,193,29,1,28,0.0135223951600972,0.0291891593289321,1.21745084140053,0.0321692740545323,0.0010348621931956,0.151506083452982,0.159572307088312,0.265087525987178,6.6551724137931,0.0384516731744835,-0.0357142857142858,1,"Incluir","Incluir","Incluir","Incluir","Incluir"
"263",13127,0.24722323500549,244,43,1,42,0.0133611299891574,0.0281529065915401,1.35843441573407,0.0311625728100095,0.000971105944139146,0.126050339925847,0.196116615597075,0.298329854413906,5.67441860465116,0.0766799993858962,-0.0238095238095237,1,"Incluir","Incluir","Incluir","Incluir","Incluir"
"264",13128,0.26842266415833,189,32,1,31,0.0161218900108586,0.0366517758764124,1.71774220205245,0.040040829317298,0.00160326801241699,0.149170821483538,0.202755704077961,0.334089624238698,5.90625,0.146291404239989,-0.032258064516129,1,"Incluir","Incluir","Incluir","Incluir","Incluir"
"265",13129,0.227795707085333,125,34,1,33,0.0193586120560746,0.0300815382673013,0.85523536699031,0.0357722630716133,0.00127965480526471,0.157036598842545,0.169129195647887,0.286462218522778,3.67647058823529,-0.0540878848607634,-0.0303030303030303,1,"Incluir","Incluir","Incluir","Excluir","Incluir"
"266",13130,0.129653108625772,243,35,1,34,0.0102499684265675,0.019097455696478,1.02011228138129,0.0216742858434729,0.000469774666824569,0.167171354957891,0.094107279842476,0.165198937409067,6.94285714285714,0.00338427811704361,-0.0294117647058822,1,"Incluir","Incluir","Incluir","Incluir","Incluir"
"267",13131,0.23421875368369,113,21,1,20,0.0206400335260316,0.0260247307867236,0.572549542944077,0.0332159238389835,0.00110329759647715,0.141815816695196,0.179744638587757,0.288692868779623,5.38095238095238,-0.0975702130236347,-0.05,1,"Incluir","Incluir","Incluir","Excluir","Incluir"
"268",13132,0.0197831526060731,210,67,1,66,0.00610355497499911,0.00858114594903765,1.31348461898597,0.0105304059338433,0.000110889449131522,0.532291598994724,0.00251328687457012,0.0370530183375761,3.13432835820896,0.146877408895524,-0.0151515151515151,1,"Incluir","Incluir","Incluir","Incluir","Incluir"
"269",13201,0.199046112593486,849,152,1,151,0.00690774020786707,0.0143127481482837,1.46588672854461,0.0158925024566801,0.000252571634335583,0.0798433199704711,0.17298240856453,0.225109816622441,5.58552631578947,0.101599401346888,-0.00662251655629142,1,"Incluir","Incluir","Incluir","Incluir","Incluir"
"270",13202,0.147511429824891,54,14,2,12,0.0323685965277666,0.0412921974417176,1.03478936252278,0.0524668620249309,0.00275277161074314,0.355679977390319,0.0614657761040046,0.233557083545778,3.85714285714286,0.0121762768829731,-0.0769230769230769,1,"Incluir","Excluir","Incluir","Incluir","Incluir"
"271",13203,0.119322969488453,72,15,2,13,0.0214853042053058,0.0459133272211899,2.22689408376873,0.0506917341715056,0.00256965191331459,0.424827963876736,0.0361885254471842,0.202457413529722,4.8,0.322866864149665,-0.0714285714285714,1,"Incluir","Excluir","Incluir","Incluir","Incluir"
"272",13301,0.226494361723304,115,22,2,20,0.0164400972886107,0.0321352244934161,0.842511951668804,0.0360963911229535,0.00130294945210124,0.159369932427062,0.167296280281661,0.285692443164948,5.22727272727273,-0.0372552372396377,-0.0476190476190477,1,"Incluir","Incluir","Incluir","Incluir","Incluir"
"273",13302,0.254552657151803,97,18,2,16,0.0168732482489599,0.0507680121868304,1.54494093370221,0.0534985753817164,0.00286209756787319,0.210167027837436,0.166814993525789,0.342290320777818,5.38888888888889,0.124163757046074,-0.0588235294117647,1,"Incluir","Incluir","Incluir","Incluir","Incluir"
"274",13303,0.209187925478059,59,13,2,11,0.0271726051427091,0.0292111686914669,0.397786514387529,0.0398953988144362,0.00159164284656292,0.190715590889211,0.143759471422383,0.274616379533734,4.53846153846154,-0.17019076767309,-0.0833333333333333,0,"Excluir","Excluir","Incluir","Excluir","Incluir"
"275",13401,0.27393410992822,468,82,2,80,0.0100195977523108,0.0240421414231184,1.77786604251691,0.0260464374402209,0.000678416903327339,0.0950828556803165,0.231217952526257,0.316650267330182,5.70731707317073,0.16524615410981,-0.0123456790123457,1,"Incluir","Incluir","Incluir","Incluir","Incluir"
"276",13402,0.137715211890247,117,23,2,21,0.0172475265509125,0.0287068940866255,1.17077302234934,0.0334897438065024,0.00112156294022517,0.24318115149975,0.0827920320475833,0.192638391732911,5.08695652173913,0.0417848884471787,-0.0454545454545454,1,"Incluir","Incluir","Incluir","Incluir","Incluir"
"277",13403,0.139258164125439,77,10,2,8,0.0214162052049614,0.0245200991665113,0.531102988122984,0.0325559381452381,0.00105988910851657,0.233781181517752,0.0858664255672482,0.192649902683629,7.7,-0.0699846286383607,-0.111111111111111,1,"Incluir","Excluir","Incluir","Incluir","Incluir"
"278",13404,0.343453737618882,78,12,2,10,0.0261009486149183,0.0577502702733112,1.5009875124921,0.0633747050110618,0.0040163532352391,0.1845218091101,0.239519221400741,0.447388253837023,6.5,0.0910886386349277,-0.0909090909090908,1,"Incluir","Excluir","Incluir","Incluir","Incluir"
"279",13501,0.151879005893053,187,27,2,25,0.0137283961310147,0.0253363909063213,1.28029865398732,0.0288166889924568,0.000830401564487981,0.1897345115147,0.104619635945424,0.199138375840683,6.92592592592593,0.0473003978603597,-0.0384615384615385,1,"Incluir","Incluir","Incluir","Incluir","Incluir"
"280",13502,0.148547615935384,57,6,2,4,0.0219685194780398,0.0266186472951324,0.409267455015466,0.0345133051427949,0.00119116823187968,0.232338330881108,0.0919457955012001,0.205149436369567,9.5,-0.0694979464687687,-0.2,1,"Incluir","Excluir","Incluir","Incluir","Incluir"
"281",13503,0.203025932136181,67,11,2,9,0.021149218826001,0.0539363103066337,1.44450521175589,0.0579345753971112,0.00335641502644356,0.28535554442499,0.108013228484919,0.298038635787444,6.09090909090909,0.087313523737765,-0.1,1,"Incluir","Excluir","Incluir","Incluir","Incluir"
"282",13504,0.16506865474779,53,5,2,3,0.0214551735619511,0.0825165544219279,3.01536770288972,0.0852602265199925,0.00726930622624043,0.516513729697879,0.0252418832550023,0.304895426240578,10.6,0.209934135717679,-0.25,1,"Incluir","Excluir","Incluir","Incluir","Incluir"
"283",13505,0.272467800249668,22,3,1,2,0.0469755495312328,0.0499387189730655,0.360481607640884,0.0685607606902966,0.00470057790643211,0.251628855327025,0.160028152717582,0.384907447781754,7.33333333333333,-0.100976588267229,-0.5,0,"Excluir","Excluir","Excluir","Incluir","Excluir"
"284",13601,0.150649647849914,110,16,2,14,0.0182455080638888,0.0290682901358294,1.00463951312359,0.0343200241248485,0.00117786405593019,0.227813503812768,0.0943648082851622,0.206934487414665,6.875,0.000789704361462602,-0.0666666666666667,1,"Incluir","Incluir","Incluir","Incluir","Incluir"
"285",13602,0.232929448840388,66,9,2,7,0.0228344972130905,0.0454593567312965,0.901233950867221,0.0508720687351901,0.00258796737739791,0.218401189666874,0.149499256114676,0.3163596415661,7.33333333333333,-0.0155946393367546,-0.125,1,"Incluir","Excluir","Incluir","Incluir","Incluir"
"286",13603,0.162810513087303,62,10,2,8,0.0252401007613697,0.0357421524231626,0.799556289662745,0.0437557327248063,0.00191456414628469,0.268752501881396,0.0910511114186201,0.234569914755985,6.2,-0.038546867372549,-0.111111111111111,1,"Incluir","Excluir","Incluir","Incluir","Incluir"
"287",13604,0.289499840496646,81,15,2,13,0.0269924560642456,0.0511205623474877,1.43009935058706,0.0578092084282738,0.0033419045791036,0.199686494918616,0.194692738674277,0.384306942319015,5.4,0.0977498524061498,-0.0714285714285714,1,"Incluir","Excluir","Incluir","Incluir","Incluir"
"288",13605,0.210969746123373,147,22,2,20,0.0144293395730155,0.0443598748674113,2.11951364524322,0.0466476616645013,0.00217600433876578,0.221110668812305,0.134467580993591,0.287471911253155,6.68181818181818,0.197034401562807,-0.0476190476190477,1,"Incluir","Incluir","Incluir","Incluir","Incluir"
"289",14101,0.195944367488906,1224,244,2,242,0.00529800769789026,0.0137412369680849,1.91190328927445,0.0147272020078482,0.000216890478979968,0.0751601191531164,0.171791756196035,0.220096978781777,5.01639344262295,0.227045308758128,-0.00411522633744865,1,"Incluir","Incluir","Incluir","Incluir","Incluir"
"290",14102,0.25745126969454,47,4,2,2,0.0306854213144583,0.0585363199054034,1.09970105644156,0.0660915715451943,0.00436809582931354,0.256714878988985,0.149061092360421,0.365841447028659,11.75,0.00927451687828433,-0.333333333333333,0,"Excluir","Excluir","Excluir","Incluir","Excluir"
"291",14103,0.197330480316394,114,19,2,17,0.0153701037609978,0.0379039723556145,1.28664304543197,0.0409017262466883,0.00167295120995903,0.207275258141102,0.130251649271825,0.264409311360963,6,0.0573286090863938,-0.0555555555555556,1,"Incluir","Incluir","Incluir","Incluir","Incluir"
"292",14104,0.213468529433401,142,21,2,19,0.0193527297111517,0.0210650797034072,0.520560836803007,0.0286053444339304,0.000818265730183793,0.134002630316779,0.166555764561755,0.260381294305047,6.76190476190476,-0.0832084498110484,-0.05,1,"Incluir","Incluir","Incluir","Excluir","Incluir"
"293",14105,0.300695731361779,68,6,2,4,0.0259937074698592,0.0426263942419704,0.760059117493028,0.0499267695139641,0.0024926823141005,0.166037506711046,0.218815829358878,0.38257563336468,11.3333333333333,-0.0232200854039005,-0.2,1,"Incluir","Excluir","Incluir","Incluir","Incluir"
"294",14106,0.239271571463169,144,23,2,21,0.0175375410470043,0.0332779659687926,1.16422257796291,0.037616331094293,0.00141498836499548,0.15721186961019,0.177580788468528,0.300962354457809,6.26086956521739,0.0312158619268337,-0.0454545454545454,1,"Incluir","Incluir","Incluir","Incluir","Incluir"
"295",14107,0.214638443731834,140,24,2,22,0.0183402411276194,0.0297371620126393,1.02365032313753,0.0349379914875652,0.00122066324918518,0.162776019431151,0.157340137692228,0.271936749771441,5.83333333333333,0.00489317030431729,-0.0434782608695652,1,"Incluir","Incluir","Incluir","Incluir","Incluir"
"296",14108,0.260167330522732,243,33,2,31,0.0161248886914595,0.0296475834223168,1.56641533090359,0.0337489442515642,0.00113899123809519,0.129720146583183,0.204819061950167,0.315515599095298,7.36363636363636,0.0890081234277064,-0.03125,1,"Incluir","Incluir","Incluir","Incluir","Incluir"
"297",14201,0.216890164880122,245,45,2,43,0.0139616379171964,0.0233009717717045,1.10635747397648,0.027163626761474,0.000737862618836668,0.125241394769964,0.172341816991305,0.26143851276894,5.44444444444444,0.0239304316447088,-0.0227272727272727,1,"Incluir","Incluir","Incluir","Incluir","Incluir"
"298",14202,0.251942793988022,103,15,2,13,0.0277959398547949,0.0418502310216657,1.51298606735307,0.0502399851610066,0.00252405610897816,0.199410288207708,0.169549218323971,0.334336369652073,6.86666666666667,0.087440806935182,-0.0714285714285714,1,"Incluir","Excluir","Incluir","Incluir","Incluir"
"299",14203,0.209866976214449,70,6,2,4,0.0251347970007217,0.030729889294799,0.534891072960783,0.0396999258983954,0.00157608411633809,0.189167093434599,0.14475909774108,0.274974854687817,11.6666666666667,-0.0436039619099266,-0.2,1,"Incluir","Excluir","Incluir","Incluir","Incluir"
"300",14204,0.260835428351196,260,44,2,42,0.0124762776873775,0.0415502591762118,2.95896993569092,0.0433829637362747,0.00188208154254292,0.166323125698487,0.189687367823705,0.331983488878686,5.90909090909091,0.399049431344447,-0.0232558139534884,1,"Incluir","Incluir","Incluir","Incluir","Incluir"
"301",15101,0.21356475299046,2193,530,2,528,0.00425439325995607,0.00846870362784046,1.24977023436059,0.0094772782562589,8.98188031465577e-05,0.0443766029906736,0.198022016650195,0.229107489330724,4.1377358490566,0.0796020590565931,-0.00189035916824198,1,"Incluir","Incluir","Incluir","Incluir","Incluir"
"302",15102,0.299194320231875,30,3,1,2,0.020501111863394,0.158841596446649,4.03729453287605,0.16015913445494,0.0256509483493555,0.535301386506324,0.036533339725774,0.561855300737977,10,0.337477170319561,-0.5,0,"Excluir","Excluir","Excluir","Incluir","Excluir"
"303",15201,0.260104926478658,77,6,2,4,0.0210216963074208,0.0742374623818347,2.8466259753497,0.0771564160425803,0.00595311253653575,0.296635734997934,0.133568404168827,0.38664144878849,12.8333333333333,0.156052899325326,-0.2,1,"Incluir","Excluir","Incluir","Incluir","Incluir"
"304",16101,0.203622237724823,745,145,2,143,0.007352067030985,0.0147645184812458,1.34871315247222,0.01649375322997,0.000272043895611145,0.0810017285649312,0.176572482427672,0.230671993021973,5.13793103448276,0.0842723451807858,-0.00694444444444442,1,"Incluir","Incluir","Incluir","Incluir","Incluir"
"305",16102,0.254048906140259,87,14,2,12,0.027913583782344,0.0412736601410927,1.24306387575035,0.0498265308948592,0.00248268318101636,0.196129680902268,0.17233339547269,0.335764416807828,6.21428571428571,0.0466149898699297,-0.0769230769230769,1,"Incluir","Excluir","Incluir","Incluir","Incluir"
"306",16103,0.232430369660212,113,24,2,22,0.0164599967078796,0.0406086146697816,1.25667284319455,0.0438177027812071,0.00191999107702221,0.188519696652652,0.160569337099033,0.304291402221392,4.70833333333333,0.069215148726621,-0.0434782608695652,1,"Incluir","Incluir","Incluir","Incluir","Incluir"
"307",16104,0.281762678556744,70,6,2,4,0.0253076086389207,0.0415156928547163,0.760062652841961,0.048621269093144,0.00236402780822792,0.172561069273595,0.202023797243988,0.3615015598695,11.6666666666667,-0.0224941262960662,-0.2,1,"Incluir","Excluir","Incluir","Incluir","Incluir"
"308",16105,0.24287198735724,48,6,2,4,0.0356853893901818,0.0183502438793721,0.12735225601484,0.0401270291245357,0.00161017846636133,0.165218844549218,0.177063659593002,0.308680315121479,8,-0.124663963426451,-0.2,0,"Excluir","Excluir","Excluir","Incluir","Incluir"
"309",16106,0.23479433943816,60,6,2,4,0.0285896096467741,0.0707375690517548,2.28627284067586,0.0762965887514422,0.00582116945510669,0.324950716162972,0.109667933885795,0.359920744990525,10,0.14291920451954,-0.2,1,"Incluir","Excluir","Incluir","Incluir","Incluir"
"310",16107,0.250220457212408,61,15,2,13,0.0270104584169307,0.0271538836725845,0.328236019693195,0.0383001078640386,0.00146689826239699,0.153065453923003,0.187408280315385,0.313032634109432,4.06666666666667,-0.219053471839176,-0.0714285714285714,0,"Excluir","Excluir","Incluir","Excluir","Incluir"
"311",16108,0.364344510275271,79,7,2,5,0.0278436970941027,0.0331617145458012,0.49751114814526,0.0433009327784673,0.00187497077948534,0.118846123812192,0.293330980518585,0.435358040031958,11.2857142857143,-0.0488530828192108,-0.166666666666667,1,"Incluir","Excluir","Incluir","Incluir","Incluir"
"312",16109,0.155652810775116,63,11,2,9,0.0297649519097731,0.0168474190884481,0.218561387393605,0.0342021620973428,0.00116978789213291,0.219733661904489,0.0995612649354742,0.211744356614758,5.72727272727273,-0.165304321897507,-0.1,0,"Excluir","Excluir","Incluir","Excluir","Incluir"
"313",16201,0.294498947263977,65,12,2,10,0.0239110007510921,0.0473963744368322,0.883483098918375,0.0530862719229287,0.00281815226667513,0.18025963221982,0.207437461310374,0.38156043321758,5.41666666666667,-0.0263811851505566,-0.0909090909090908,1,"Incluir","Excluir","Incluir","Incluir","Incluir"
"314",16202,0.228519579049199,51,6,2,4,0.0197834041729856,0.0584548867350779,1.1559076676933,0.0617118859206433,0.00380835686388249,0.270050759665355,0.127312086139344,0.329727071959054,8.5,0.0207876890257737,-0.2,1,"Incluir","Excluir","Incluir","Incluir","Incluir"
"315",16203,0.123622506048352,60,13,2,11,0.0227187908471606,0.0293973909198673,0.680719092512042,0.0371530624639817,0.00138035005045253,0.300536396256601,0.0626914836074225,0.184553528489282,4.61538461538461,-0.0883117403690097,-0.0833333333333333,0,"Excluir","Excluir","Incluir","Excluir","Incluir"
"316",16204,0.314335710105488,59,6,2,4,0.035600409307017,0.0486193568474487,0.885321026454857,0.0602596963408106,0.0036312310030867,0.191704901490791,0.215509808106559,0.413161612104418,9.83333333333333,-0.0129825253069973,-0.2,1,"Incluir","Excluir","Incluir","Incluir","Incluir"
"317",16205,0.138438832451293,66,6,2,4,0.0275289033229957,0.0399199758984893,1.3538872088884,0.0484917002579082,0.00235144499390281,0.350275276086058,0.0589124440283235,0.217965220874262,11,0.03538872088884,-0.2,1,"Incluir","Excluir","Incluir","Incluir","Incluir"
"318",16206,0.173678666601162,42,4,2,2,0.0256683509215267,0.0382342521059442,0.534758831438377,0.0460513004499497,0.00212072227313154,0.265152314623087,0.098154533863245,0.24920279933908,10.5,-0.048972754585434,-0.333333333333333,0,"Excluir","Excluir","Excluir","Incluir","Excluir"
"319",16207,0.182026499087099,50,6,2,4,0.0267047520790505,0.0692204253671732,2.23075616446549,0.0741930661963499,0.00550461107161595,0.407594864310657,0.0603498705250847,0.303703127649112,8.33333333333333,0.167830386063476,-0.2,1,"Incluir","Excluir","Incluir","Incluir","Incluir"
"320",16301,0.208804264701706,234,37,2,35,0.0133774908761461,0.0242332160399321,1.14126743158538,0.0276804266907032,0.000766206021779395,0.132566385702165,0.163408364928952,0.254200164474459,6.32432432432432,0.0265324617698438,-0.0277777777777777,1,"Incluir","Incluir","Incluir","Incluir","Incluir"
"321",16302,0.188720504789872,93,13,2,11,0.0202016474242596,0.0323278814973465,0.833958604751906,0.0381208405043825,0.00145319848076057,0.201996283057994,0.126202326362685,0.25123868321706,7.15384615384615,-0.0269817267278154,-0.0833333333333333,1,"Incluir","Excluir","Incluir","Incluir","Incluir"
"322",16303,0.27820005327931,98,7,2,5,0.0213130962945899,0.0503377867057424,1.63163199169947,0.0546638897636756,0.00298814084409527,0.196491298687113,0.188551274066882,0.367848832491738,14,0.0485870762845749,-0.166666666666667,1,"Incluir","Excluir","Incluir","Incluir","Incluir"
"323",16304,0.209529515475734,59,6,2,4,0.0255741906104694,0.0674862609527648,2.23257843591089,0.0721694855376238,0.00520843464276528,0.344435891877876,0.0911715591940313,0.327887471757437,9.83333333333333,0.139537181423874,-0.2,1,"Incluir","Excluir","Incluir","Incluir","Incluir"
"324",16305,0.314735169452409,73,6,2,4,0.0218308473735678,0.058198286159832,1.40056738686316,0.06215807597561,0.0038636264089897,0.19749326420608,0.212795924852409,0.41667441405241,12.1666666666667,0.0358717062862534,-0.2,1,"Incluir","Excluir","Incluir","Incluir","Incluir"
