"","comuna","Severe","n","n_psu_comuna","n_strata_comuna","deg_free","se.m","se.s","deff","se.tot","var.tot","cv","CI_L","CI_U","promhupm","rho","coterho","calidad2","calidadf","incdf14","excn50","excrho","excdf2"
"1",1101,0.042944941669212,1709,262,2,260,0.00328425253896106,0.00413268598748307,1.33961238110883,0.00527876957356647,2.78654082108111e-05,0.12291947243116,0.034287759568563,0.051602123769861,6.52290076335878,0.0614916681758898,-0.00383141762452111,1,"Incluir","Incluir","Incluir","Incluir","Incluir"
"2",1107,0.0578382502139215,768,139,1,138,0.00539245719158848,0.00808029423546158,1.64568702722955,0.00971440937446781,9.4369749494748e-05,0.167958216898643,0.0419066188397943,0.0737698815880487,5.52517985611511,0.142687594252634,-0.00724637681159424,1,"Incluir","Incluir","Incluir","Incluir","Incluir"
"3",1401,0.052324547236895,62,16,2,14,0.0187159772990444,0.0174865054963839,0.656417806963081,0.0256137791185411,0.00065606568073341,0.489517453492274,0.0103179494824876,0.0943311449913023,3.875,-0.119506849751972,-0.0666666666666667,1,"Incluir","Incluir","Incluir","Excluir","Incluir"
"4",1402,7.76632843487629e-08,25,3,1,2,4.76661110034362e-05,8.92523866678323e-08,1.02329290257008,4.76661945636573e-05,2.27206610418043e-09,613.754555493719,-7.80948958000491e-05,7.82502223687466e-05,8.33333333333333,0.00317630489592016,-0.5,0,"Excluir","Excluir","Excluir","Incluir","Excluir"
"5",1404,0.0584223564469531,23,3,1,2,0.0271063574263497,0.0331000739540937,0.659852865864897,0.0427828179143391,0.00183036950869149,0.732302161642272,-0.011741464932563,0.128586177826469,7.66666666666667,-0.0510220701202654,-0.5,0,"Excluir","Excluir","Excluir","Incluir","Excluir"
"6",1405,0.0379152451324709,64,6,2,4,0.0200874176173632,0.0285888052036485,2.65862458332802,0.0349402937810561,0.00122082412950651,0.921536802913427,-0.0193868366684611,0.095217326933403,10.6666666666667,0.171581853447726,-0.2,1,"Incluir","Excluir","Incluir","Incluir","Incluir"
"7",2101,0.0336861145236581,1516,298,1,297,0.00311014617988284,0.00369247079021746,1.18789164497323,0.00482776861467583,2.3307349796849e-05,0.14331627980678,0.0257685739955898,0.0416036550517265,5.08724832214765,0.0459702054203801,-0.00336700336700346,1,"Incluir","Incluir","Incluir","Incluir","Incluir"
"8",2102,0.0676346234342965,53,13,1,12,0.0259409887394819,0.0262320391442642,0.934748386468116,0.0368924758514272,0.00136105477444814,0.545467306212865,0.00713096303795585,0.128138283830637,4.07692307692308,-0.0212067743978622,-0.0833333333333333,1,"Incluir","Excluir","Incluir","Incluir","Incluir"
"9",2103,0.106161849844021,17,3,1,2,0.0580017047770632,0.0283844182435522,0.281480094680554,0.0645745534717082,0.0041698729560705,0.608265149548401,0.000259582150419366,0.212064117537622,5.66666666666667,-0.153968551139881,-0.5,0,"Excluir","Excluir","Excluir","Incluir","Excluir"
"10",2104,0.0356250825148093,67,13,2,11,0.0130687585085394,0.0201948094186979,1.39400597216963,0.0240545791152548,0.000578622776412051,0.675214691931038,-0.00382442723420853,0.0750745922638272,5.15384615384615,0.0948532895963915,-0.0833333333333333,1,"Incluir","Excluir","Incluir","Incluir","Incluir"
"11",2201,0.0322211575578027,514,146,2,144,0.00478817774881003,0.00732685787338631,1.53549540235071,0.00875268487099829,7.66094924510024e-05,0.2716440231949,0.0178667543693655,0.0465755607462399,3.52054794520548,0.212451980280445,-0.00689655172413794,1,"Incluir","Incluir","Incluir","Incluir","Incluir"
"12",2203,0.0445738448315698,69,7,2,5,0.0177175397874975,0.0236102236974979,1.49403310330591,0.029518703886984,0.000871353879167446,0.662242712032711,-0.00383682954308398,0.0929845192062236,9.85714285714286,0.0557779310184094,-0.166666666666667,1,"Incluir","Excluir","Incluir","Incluir","Incluir"
"13",2301,0.0825515547331098,121,23,2,21,0.0184499002058219,0.0222361275136427,1.52062042152668,0.0288936703173509,0.000834844184407763,0.350007585087458,0.0351659354126544,0.129937174053565,5.26086956521739,0.122186425460344,-0.0454545454545454,1,"Incluir","Incluir","Incluir","Incluir","Incluir"
"14",2302,0.0507762423201583,37,11,1,10,0.0301656493537206,0.0176773568238186,0.524355994654287,0.0349636288907234,0.00122245534520823,0.688582441179244,-0.00656410906062815,0.108116593700945,3.36363636363636,-0.201234002261648,-0.1,0,"Excluir","Excluir","Excluir","Excluir","Incluir"
"15",3101,0.0322819697292343,1390,299,2,297,0.00318811187132903,0.00373969478872543,1.15179355115902,0.00491420130000076,2.41493744169292e-05,0.152227430395937,0.024222679597233,0.0403412598612355,4.64882943143813,0.0416006157621877,-0.00335570469798663,1,"Incluir","Incluir","Incluir","Incluir","Incluir"
"16",3102,0.0230963610138647,145,50,1,49,0.00879742944843433,0.0116381044058738,1.483619256149,0.014589045173081,0.000212840239062198,0.631659903667216,-0.000829673069988185,0.0470223950977175,2.9,0.254536450604738,-0.0204081632653061,1,"Incluir","Incluir","Incluir","Incluir","Incluir"
"17",3103,0.0460495926326824,113,23,2,21,0.0145268610920148,0.0166934067663658,1.53365693274496,0.022129155488948,0.000489699522654039,0.48055051573339,0.00975777763080758,0.0823414076345571,4.91304347826087,0.136378993923713,-0.0454545454545454,1,"Incluir","Incluir","Incluir","Incluir","Incluir"
"18",3201,0.0495580774862674,87,36,1,35,0.0150219533001439,0.0175239014497089,0.957593837710786,0.0230812955219332,0.000532746202970814,0.465742351049212,0.0117047528302969,0.0874114021422379,2.41666666666667,-0.0299337616159155,-0.0285714285714285,1,"Incluir","Incluir","Incluir","Excluir","Incluir"
"19",3202,0.0384311037397356,126,45,2,43,0.0118746576451969,0.0122386121859993,0.958503528718607,0.0170525987001959,0.000290791122429924,0.443718682025895,0.0104648418714143,0.0663973656080569,2.8,-0.0230535951563295,-0.0227272727272727,1,"Incluir","Incluir","Incluir","Excluir","Incluir"
"20",3301,0.0251963185258604,389,99,2,97,0.00495898016672394,0.00610161308007466,1.02392806840411,0.00786264373305185,6.18211664728996e-05,0.312055260175489,0.0123015828036554,0.0380910542480655,3.92929292929293,0.00816854748968025,-0.010204081632653,1,"Incluir","Incluir","Incluir","Incluir","Incluir"
"21",3302,0.000870370144297077,36,3,1,2,0.00372058889366497,0.000970494598833103,0.850568843242254,0.00384508016587786,1.47846414820273e-05,4.41775282742862,-0.00543556132774262,0.00717630161633677,12,-0.0135846506143406,-0.5,0,"Excluir","Excluir","Excluir","Incluir","Excluir"
"22",3303,0.0261004362152754,52,15,2,13,0.0117458648077299,0.0159470455611676,0.865719348623892,0.0198058981672487,0.000392273602211425,0.758833990508449,-0.00638123677901242,0.0585821092095633,3.46666666666667,-0.0544381019092331,-0.0714285714285714,1,"Incluir","Excluir","Incluir","Incluir","Incluir"
"23",3304,0.00999321914193334,82,22,2,20,0.00902629749923162,0.00626457675357168,0.953914158378915,0.0109872184125931,0.000120718968446026,1.09946737448084,-0.0080258190547194,0.0280122573385861,3.72727272727273,-0.0168981419277311,-0.0476190476190477,1,"Incluir","Incluir","Incluir","Incluir","Incluir"
"24",4101,0.0395734823666516,741,162,2,160,0.00478598074964003,0.00577308214095404,1.17404504853983,0.00749893920112221,5.62340891421274e-05,0.189494043805494,0.0272752220768112,0.051871742656492,4.57407407407407,0.0486965420785021,-0.0062111801242235,1,"Incluir","Incluir","Incluir","Incluir","Incluir"
"25",4102,0.0358263980333829,696,164,2,162,0.00492912421322614,0.00610519950227235,1.43159029487548,0.00784663790880902,6.15697264719588e-05,0.219018331161775,0.0229579118629361,0.0486948842038297,4.24390243902439,0.133046632254847,-0.00613496932515334,1,"Incluir","Incluir","Incluir","Incluir","Incluir"
"26",4103,0.0322741395223189,72,14,2,12,0.0144274494692876,0.0188255019496248,1.54202209608315,0.0237181538456132,0.000562550821844174,0.734896551748841,-0.00662363278448667,0.0711719118291245,5.14285714285714,0.130832919744207,-0.0769230769230769,1,"Incluir","Excluir","Incluir","Incluir","Incluir"
"27",4104,0.0145148094099977,50,6,2,4,0.00780204003510947,0.00707514068631392,0.36877081227515,0.0105323048019218,0.000110929444440586,0.725624739837595,-0.00275817046515413,0.0317877892851495,8.33333333333333,-0.0860767074170249,-0.2,1,"Incluir","Excluir","Incluir","Incluir","Incluir"
"28",4105,0.0232231405169412,23,3,1,2,0.0152204289071642,0.0257967788733073,0.943524132116434,0.0299522162177751,0.000897135256356352,1.28975735197938,-0.02589849408021,0.0723447751140924,7.66666666666667,-0.00847138018253496,-0.5,0,"Excluir","Excluir","Excluir","Incluir","Excluir"
"29",4106,0.0411864997971464,107,14,2,12,0.0134573725897387,0.01329163040965,0.902432754085492,0.0189147644967043,0.000357768315965784,0.459246709233951,0.0101662860225514,0.0722067135717414,7.64285714285714,-0.0146875423957324,-0.0769230769230769,1,"Incluir","Excluir","Incluir","Incluir","Incluir"
"30",4201,0.0223480952912416,104,22,2,20,0.0104649797288064,0.0103861217874903,1.09818026641731,0.0147440607197919,0.000217387326508909,0.659745742428896,-0.00183216428921711,0.0465283548717002,4.72727272727273,0.0263410470875711,-0.0476190476190477,1,"Incluir","Incluir","Incluir","Incluir","Incluir"
"31",4202,0.0247260484101197,62,6,2,4,0.0150000950628673,0.0136996368256682,1.2080294511826,0.0203145982251744,0.000412682901050259,0.82158693084416,-0.00858989267916626,0.0580419894994057,10.3333333333333,0.0222888697695641,-0.2,1,"Incluir","Excluir","Incluir","Incluir","Incluir"
"32",4203,0.0131306076604331,79,20,2,18,0.00846770363765247,0.0118626466645001,1.31711432592703,0.0145747861316003,0.000212424390781888,1.10998565401653,-0.0107720415953913,0.0370332569162576,3.95,0.107496381670178,-0.0526315789473684,1,"Incluir","Incluir","Incluir","Incluir","Incluir"
"33",4204,0.0581630478576596,103,13,2,11,0.0178808343463999,0.0223586984079608,1.61829693098662,0.0286292792682866,0.000819635631421543,0.492224536416145,0.0112110298576697,0.10511506585765,7.92307692307692,0.0893095566980676,-0.0833333333333333,1,"Incluir","Excluir","Incluir","Incluir","Incluir"
"34",4301,0.0261945933641759,363,71,2,69,0.00577464717273481,0.00563854306985277,0.849418919794357,0.00807091803453354,6.51397179201588e-05,0.30811388908871,0.0129582877875409,0.0394308989408109,5.11267605633803,-0.0366138927897282,-0.0142857142857142,1,"Incluir","Incluir","Incluir","Excluir","Incluir"
"35",4302,0.0286659370993473,78,13,2,11,0.0119898058629456,0.0181038007644521,1.59326247655738,0.0217141209066842,0.000471503046750101,0.757488612056525,-0.00694522118761484,0.0642770953863094,6,0.118652495311475,-0.0833333333333333,1,"Incluir","Excluir","Incluir","Incluir","Incluir"
"36",4303,0.0290347571459328,137,19,2,17,0.00896327496337879,0.00871702156954932,0.636504694193442,0.0125030701474926,0.000156326763113121,0.430624237173758,0.00852972210404486,0.0495397921878207,7.21052631578947,-0.0585289051722425,-0.0555555555555556,1,"Incluir","Incluir","Incluir","Excluir","Incluir"
"37",4304,0.00492877612552071,67,6,2,4,0.00598257747028149,0.00388096303331711,0.95639441940412,0.00713113646299757,5.08531072538936e-05,1.44683716228726,-0.00676628767379531,0.0166238399248367,11.1666666666667,-0.00428907350123414,-0.2,1,"Incluir","Excluir","Incluir","Incluir","Incluir"
"38",4305,0.0028584523335033,28,3,1,2,0.0117015612850407,0.00164685543570732,0.621753458891796,0.0118168806938922,0.000139638669333682,4.13401355530371,-0.0165212320044799,0.0222381366714865,9.33333333333333,-0.0453895849329845,-0.5,0,"Excluir","Excluir","Excluir","Incluir","Excluir"
"39",5101,0.0466678663805794,926,182,2,180,0.00436366181483971,0.00557472028570913,1.09701132311774,0.00707948096248497,5.01190506981871e-05,0.151699263573598,0.035057517602104,0.0582782151590547,5.08791208791209,0.0237312645261131,-0.00552486187845314,1,"Incluir","Incluir","Incluir","Incluir","Incluir"
"40",5102,0.0143541393851358,74,12,2,10,0.00940245643518003,0.0143944994108595,1.55713059994538,0.0171932486838495,0.000295607800304693,1.19779028352294,-0.0138427884563775,0.042551067226649,6.16666666666667,0.107831729021687,-0.0909090909090908,1,"Incluir","Excluir","Incluir","Incluir","Incluir"
"41",5103,0.0189031135517614,143,29,1,28,0.00717986356647875,0.00852110996392529,1.01270018857794,0.0111426996661741,0.000124159755850556,0.589463721712437,0.000629086099235912,0.0371771410042869,4.93103448275862,0.00323074972596665,-0.0357142857142858,1,"Incluir","Incluir","Incluir","Incluir","Incluir"
"42",5105,0.0396004429324636,90,15,2,13,0.0165466206429143,0.0205081710274066,1.96088210385012,0.0263510101056843,0.000694375733589878,0.665422105268482,-0.00361521364085869,0.0828160995057859,6,0.192176420770025,-0.0714285714285714,1,"Incluir","Excluir","Incluir","Incluir","Incluir"
"43",5107,0.0331328484615254,146,29,2,27,0.0101038152452535,0.0118079003272638,1.20702312674663,0.0155407075980733,0.000241513592648813,0.469042304531091,0.00764608800068521,0.0586196089223656,5.03448275862069,0.0513134245782243,-0.0357142857142858,1,"Incluir","Incluir","Incluir","Incluir","Incluir"
"44",5109,0.0323809178824347,1388,262,1,261,0.00307332458396507,0.00512583029858936,2.04511336167879,0.00597657596357151,3.57194602483407e-05,0.184570924927781,0.0225793333021775,0.042182502462692,5.29770992366412,0.243179130337339,-0.00383141762452111,1,"Incluir","Incluir","Incluir","Incluir","Incluir"
"45",5301,0.037999568242094,216,41,2,39,0.00897116799453663,0.00947027867743484,1.07538757495913,0.0130448470061736,0.000170168033414475,0.343289348001674,0.0166060191519694,0.0593931173322187,5.26829268292683,0.017662231847568,-0.0249999999999999,1,"Incluir","Incluir","Incluir","Incluir","Incluir"
"46",5302,0.0232077941612389,64,12,2,10,0.0143234896938074,0.0115316756560228,0.883570074624104,0.0183886350892152,0.000338141900444316,0.792347388185968,-0.00694956738507402,0.0533651557075518,5.33333333333333,-0.0268684443175144,-0.0909090909090908,1,"Incluir","Excluir","Incluir","Incluir","Incluir"
"47",5303,0.0603384928672391,56,12,2,10,0.0270008710659059,0.0249650095249377,1.18924410104218,0.0367736147107938,0.00135229873889791,0.609455307273013,2.97647415373747e-05,0.120647220992941,4.66666666666667,0.0516120275569576,-0.0909090909090908,1,"Incluir","Excluir","Incluir","Incluir","Incluir"
"48",5304,0.0271997780519226,76,12,2,10,0.0105517162986194,0.0157147352638188,1.07425296824434,0.0189285926909124,0.000358291621258462,0.695909821572035,-0.00384311396117373,0.0582426700650189,6.33333333333333,0.0139224315458143,-0.0909090909090908,1,"Incluir","Excluir","Incluir","Incluir","Incluir"
"49",5401,0.0314432722612109,90,18,2,16,0.013894766753043,0.00964990590942106,0.588732794591242,0.0169170099953316,0.000286185227182148,0.538016840448274,0.00369937586886719,0.0591871686535547,5,-0.10281680135219,-0.0588235294117647,1,"Incluir","Incluir","Incluir","Excluir","Incluir"
"50",5402,0.0235702615835078,65,13,2,11,0.0137989414496003,0.0182951889600499,1.69935451745345,0.0229156000186211,0.000525124724213427,0.972225103969794,-0.0140113224470308,0.0611518456140464,5,0.174838629363363,-0.0833333333333333,1,"Incluir","Excluir","Incluir","Incluir","Incluir"
"51",5403,0.0193397813170642,33,3,1,2,0.0240344179643511,0.0171295542638391,1.55552943076972,0.029513977640483,0.000871074876162932,1.52607607897003,-0.029063142013328,0.0677427046474563,11,0.0555529430769716,-0.5,0,"Excluir","Excluir","Excluir","Incluir","Excluir"
"52",5404,0.038959380520982,59,6,2,4,0.015652896636748,0.0170012266564968,0.752177822442538,0.0231096274514821,0.000534054880946295,0.593172353935047,0.00105959150055136,0.0768591695414127,9.83333333333333,-0.0280553408555618,-0.2,1,"Incluir","Excluir","Incluir","Incluir","Incluir"
"53",5405,0.011956677423792,59,8,2,6,0.0103293338818895,0.00814442093380838,0.695696973954545,0.0131539625509048,0.000173026730790606,1.10013527041638,-0.00961582115969187,0.0335291760072759,7.375,-0.0477338080071303,-0.142857142857143,1,"Incluir","Excluir","Incluir","Incluir","Incluir"
"54",5501,0.0513276045737778,205,40,2,38,0.00998517693172251,0.0141267957901122,1.31964548195034,0.0172994253561595,0.000299270117653336,0.33703940598462,0.0229565469896761,0.0796986621578794,5.125,0.0774898138061433,-0.0256410256410255,1,"Incluir","Incluir","Incluir","Incluir","Incluir"
"55",5502,0.0550311768798339,138,24,2,22,0.0136127711832739,0.0249293687144535,2.86764659127506,0.0284038899411568,0.000806780963789346,0.516141786376466,0.00844879737633684,0.101613556383331,5.75,0.393188756057907,-0.0434782608695652,1,"Incluir","Incluir","Incluir","Incluir","Incluir"
"56",5503,0.00374940963264912,52,9,2,7,0.00530948850488617,0.00339224275631791,0.543597436706921,0.00630063323018486,3.96979791013097e-05,1.68043341418878,-0.00658362886485405,0.0140824481301523,5.77777777777778,-0.0955261178985514,-0.125,1,"Incluir","Excluir","Incluir","Incluir","Incluir"
"57",5504,5.63750464347343e-05,65,12,2,10,0.00105332449571651,4.3753496808419e-05,0.857296295652111,0.00105423283090568,1.1114068617594e-06,18.7003452338823,-0.00167256679625058,0.00178531688912005,5.41666666666667,-0.032310272682541,-0.0909090909090908,1,"Incluir","Excluir","Incluir","Incluir","Incluir"
"58",5506,0.00301045403256965,64,13,2,11,0.00387025373495012,0.00288706711154049,0.491977148884161,0.00482845943127144,2.33140204794341e-05,1.60389741182993,-0.0049082194347155,0.0109291274998548,4.92307692307692,-0.129496020872665,-0.0833333333333333,0,"Excluir","Excluir","Incluir","Excluir","Incluir"
"59",5601,0.0494702778992333,255,53,2,51,0.00872240865502335,0.0115597212640707,1.26034675297162,0.014481283384018,0.000209707568448236,0.292726946339681,0.0257209731494438,0.0732195826490228,4.81132075471698,0.0683088015222575,-0.0192307692307692,1,"Incluir","Incluir","Incluir","Incluir","Incluir"
"60",5602,0.0113046693667914,107,26,2,24,0.00819670734137673,0.00687224522607448,1.33864985482594,0.0106964370557435,0.000114413765687483,0.946196364412507,-0.0062374874046279,0.0288468261382108,4.11538461538461,0.10870242253672,-0.04,1,"Incluir","Incluir","Incluir","Incluir","Incluir"
"61",5603,0.0476963934064055,120,31,2,29,0.0124321440626228,0.0138382627846058,0.782433565397533,0.018602573017989,0.000346055722889614,0.390020538020193,0.0171881736569035,0.0782046131559075,3.87096774193548,-0.0757815671087246,-0.0333333333333334,1,"Incluir","Incluir","Incluir","Excluir","Incluir"
"62",5604,0.0651393313705362,110,34,1,33,0.0171822634283993,0.0323084889918164,2.92936379751669,0.0365932867812831,0.00133906863745723,0.561769456507424,0.00512634104923191,0.125152321691841,3.23529411764706,0.863136435731149,-0.0303030303030303,1,"Incluir","Incluir","Incluir","Incluir","Incluir"
"63",5605,0.0570596403701085,45,14,1,13,0.0240036754241345,0.0171895514268361,0.425543092853367,0.0295238397252634,0.000871657112123041,0.517420711623164,0.00864054322067656,0.10547873751954,3.21428571428571,-0.259432151614608,-0.0769230769230769,0,"Excluir","Excluir","Excluir","Excluir","Incluir"
"64",5606,0.00549612211157533,65,6,2,4,0.0070857014181703,0.00350000901317113,0.614636747505401,0.00790298852838215,6.24572276797398e-05,1.43792084090303,-0.00746477907497139,0.0184570232981221,10.8333333333333,-0.0391894833045355,-0.2,1,"Incluir","Excluir","Incluir","Incluir","Incluir"
"65",5701,0.0413107433523756,257,48,2,46,0.00975676591736974,0.00733457250889221,0.784900120220401,0.012206163814014,0.000148990435054545,0.295471899643561,0.0212926346973926,0.0613288520073585,5.35416666666667,-0.0494009293273719,-0.0212765957446808,1,"Incluir","Incluir","Incluir","Excluir","Incluir"
"66",5702,0.0532322056431859,69,12,2,10,0.0173675348900957,0.0219015128431379,1.08145188553686,0.0279518788809773,0.000781307532976826,0.52509338178354,0.00739112427838311,0.0990732870079887,5.75,0.0171477653761808,-0.0909090909090908,1,"Incluir","Excluir","Incluir","Incluir","Incluir"
"67",5703,0.0378939122955508,85,13,2,11,0.0167936302187178,0.0172499216237795,1.73109273773464,0.0240745885104931,0.000579585811949567,0.63531546499409,-0.00158841286165789,0.0773762374527595,6.53846153846154,0.13200285542431,-0.0833333333333333,1,"Incluir","Excluir","Incluir","Incluir","Incluir"
"68",5704,0.126867228799973,83,5,2,3,0.0347648271177036,0.0421228081846907,2.19670056971833,0.054616153049149,0.00298292417388807,0.430498510653688,0.0372967377993684,0.216437719800577,16.6,0.0767115749819442,-0.25,1,"Incluir","Excluir","Incluir","Incluir","Incluir"
"69",5705,0.0527778761670476,84,13,2,11,0.0176058793932285,0.0143923525321139,0.648737566543861,0.0227399824234222,0.000517106800617551,0.430862021644216,0.0154843049926352,0.09007144734146,6.46153846153846,-0.0643156568299972,-0.0833333333333333,1,"Incluir","Excluir","Incluir","Incluir","Incluir"
"70",5706,0.0333978919976615,65,11,2,9,0.0184332196710064,0.0215000605743608,1.80808690391051,0.0283202435042632,0.00080203619214076,0.847965000493028,-0.0130473073493301,0.0798430913446531,5.90909090909091,0.164610295241029,-0.1,1,"Incluir","Excluir","Incluir","Incluir","Incluir"
"71",5801,0.0266464138389757,472,91,2,89,0.00524169521682805,0.00648906174417965,1.45772009240824,0.00834165997064696,6.95832910658938e-05,0.313050004441709,0.0129660914871147,0.0403267361908368,5.18681318681319,0.109324221546325,-0.0111111111111111,1,"Incluir","Incluir","Incluir","Incluir","Incluir"
"72",5802,0.0394989376210194,119,20,2,18,0.0130618542076882,0.0086648493815798,0.457851114038247,0.0156745542248693,0.000245691650148367,0.396834830730436,0.0137926686922338,0.065205206549805,5.95,-0.109525027467021,-0.0526315789473684,1,"Incluir","Incluir","Incluir","Excluir","Incluir"
"73",5803,0.0154035858844234,50,12,2,10,0.0110682695495641,0.0124116381635003,0.843373228440543,0.0166299534792935,0.000276555352723465,1.07961572091536,-0.0118695378216178,0.0426767095904647,4.16666666666667,-0.0494610857556179,-0.0909090909090908,1,"Incluir","Excluir","Incluir","Incluir","Incluir"
"74",5804,0.0302132584450279,368,67,2,65,0.00628975712459809,0.00567015841050833,0.719589964264965,0.0084682785196692,7.17117410866907e-05,0.280283523045916,0.0163252816727704,0.0441012352172853,5.49253731343284,-0.0624168518081307,-0.0151515151515151,1,"Incluir","Incluir","Incluir","Excluir","Incluir"
"75",6101,0.0378984508332615,1054,207,2,205,0.00379386274558752,0.0057885482788374,1.80877006142292,0.00692103212742062,4.79006857087883e-05,0.182620449523662,0.0265479581442917,0.0492489435222313,5.09178743961353,0.197656909934528,-0.00485436893203883,1,"Incluir","Incluir","Incluir","Incluir","Incluir"
"76",6102,0.0471606904301257,49,11,2,9,0.0193115230940447,0.0238315710054211,1.04567467791046,0.0306737461161537,0.000940878700798252,0.650409182656063,-0.00314425320036634,0.0974656340606176,4.45454545454545,0.013221617289871,-0.1,0,"Excluir","Excluir","Excluir","Incluir","Incluir"
"77",6103,0.0179185869049295,43,6,2,4,0.0119690438331342,0.0148650774081423,0.821319580734243,0.0190847723756284,0.000364228536629551,1.06508244633834,-0.0133804397911012,0.0492176136009601,7.16666666666667,-0.0289752031241769,-0.2,0,"Excluir","Excluir","Excluir","Incluir","Incluir"
"78",6104,0.0481542006331712,83,7,2,5,0.016815032630926,0.0222180585839916,1.69205673726463,0.027863730001936,0.000776387449620789,0.578635500860998,0.00245768342999613,0.0938507178363462,11.8571428571429,0.0637420679059532,-0.166666666666667,1,"Incluir","Excluir","Incluir","Incluir","Incluir"
"79",6105,0.0486669405201601,77,18,2,16,0.0178166982411403,0.0197072195544416,1.27123117591464,0.0265670705720977,0.000705809238782818,0.545895638561712,0.00509694478191992,0.0922369362584003,4.27777777777778,0.082748494346838,-0.0588235294117647,1,"Incluir","Incluir","Incluir","Incluir","Incluir"
"80",6106,0.0602683300297371,117,21,2,19,0.0146491011098045,0.0206088060355857,1.40068339052964,0.0252847592343227,0.000639319049537668,0.419536416918254,0.0188013248854478,0.101735335174026,5.57142857142857,0.0876494916783598,-0.05,1,"Incluir","Incluir","Incluir","Incluir","Incluir"
"81",6107,0.0413807537437092,91,11,2,9,0.0150518414724899,0.0118619929958399,0.677603440950287,0.0191641542872709,0.000367264809546322,0.463117574077157,0.00995154071258503,0.0728099667748335,8.27272727272727,-0.0443295268693356,-0.1,1,"Incluir","Excluir","Incluir","Incluir","Incluir"
"82",6108,0.0236466324266254,212,38,2,36,0.00592270871823859,0.00796891176654376,0.960279921172577,0.00992884853868055,9.8582033304059e-05,0.41988425072743,0.00736332082318927,0.0399299440300615,5.57894736842105,-0.00867449997380512,-0.027027027027027,1,"Incluir","Incluir","Incluir","Incluir","Incluir"
"83",6109,0.0359676356486161,73,6,2,4,0.0186526779241039,0.0091875350209103,0.423670358748712,0.0207926235357832,0.000432333193500805,0.578092586872144,0.00186773304993161,0.0700675382473005,12.1666666666667,-0.0516116096642945,-0.2,1,"Incluir","Excluir","Incluir","Incluir","Incluir"
"84",6110,0.0451307290745441,97,14,2,12,0.0127952500580728,0.0141878032723649,0.779941256518026,0.0191052920873757,0.00036501218574394,0.423332227933184,0.013798050051248,0.0764634080978402,6.92857142857143,-0.0371183422740678,-0.0769230769230769,1,"Incluir","Excluir","Incluir","Incluir","Incluir"
"85",6111,0.0583965706242489,54,8,2,6,0.0221153814164851,0.0167854400494862,0.584071020507586,0.027764025155793,0.000770841092851509,0.475439308490217,0.0128635693687483,0.10392957187975,6.75,-0.0723354746943329,-0.142857142857143,1,"Incluir","Excluir","Incluir","Incluir","Incluir"
"86",6112,0.00906075969326465,59,8,2,6,0.0105584483609774,0.00666114013043946,1.05978766534062,0.0124840546149389,0.000155851619628777,1.3778154412614,-0.0114130898752352,0.0295346092617645,7.375,0.00937845730833289,-0.142857142857143,1,"Incluir","Excluir","Incluir","Incluir","Incluir"
"87",6113,0.0248631309186757,108,12,2,10,0.0108794966795584,0.017276213901509,2.22383332758982,0.020416439816266,0.000416831014771213,0.821153212081205,-0.00861983038000064,0.058346092217352,9,0.152979165948727,-0.0909090909090908,1,"Incluir","Excluir","Incluir","Incluir","Incluir"
"88",6114,0.0285800711957346,64,10,2,8,0.0154436012192213,0.0147721978473947,1.13257622033385,0.0213710703489766,0.000456722647860907,0.747761270523571,-0.00646848417658705,0.0636286265680562,6.4,0.0245511519136766,-0.111111111111111,1,"Incluir","Excluir","Incluir","Incluir","Incluir"
"89",6115,0.0466259300978285,226,38,2,36,0.0103741847800004,0.00759209391428246,0.602600908849071,0.0128554890942693,0.000165263599852877,0.275715445617846,0.0255429279832268,0.0677089322124301,5.94736842105263,-0.080325348211358,-0.027027027027027,1,"Incluir","Incluir","Incluir","Excluir","Incluir"
"90",6116,0.0282786539161478,95,12,2,10,0.0137959097034872,0.00629527012792994,0.315372972629138,0.0151643513059537,0.000229957550530378,0.536247282169764,0.00340911777438386,0.0531481900579118,7.91666666666667,-0.098982220824703,-0.0909090909090908,0,"Excluir","Excluir","Incluir","Excluir","Incluir"
"91",6117,0.0193177574584574,225,28,2,26,0.005737057542876,0.00612750200965652,0.781333246548119,0.0083940520684956,7.04601101286152e-05,0.434525181639065,0.00555151206612461,0.0330840028507902,8.03571428571429,-0.0310795385616886,-0.037037037037037,1,"Incluir","Incluir","Incluir","Incluir","Incluir"
"92",6201,0.0218752811390741,134,36,2,34,0.00834648867018838,0.00944993783285158,1.04514310726705,0.0126081401549294,0.000158965198166343,0.576364713887422,0.00119793128498993,0.0425526309931583,3.72222222222222,0.0165831822613643,-0.0285714285714285,1,"Incluir","Incluir","Incluir","Incluir","Incluir"
"93",6202,0.00142345707583538,49,6,2,4,0.00440846739224793,0.00138268985339746,1.40115853573586,0.00462021817441575,2.13464159792016e-05,3.2457727407792,-0.00615370073020644,0.0090006148818772,8.16666666666667,0.0559756096375613,-0.2,0,"Excluir","Excluir","Excluir","Incluir","Incluir"
"94",6203,0.0165567785551466,45,11,2,9,0.0206202340750161,0.0114226499937503,1.09704919169181,0.023572674565865,0.000555670986188177,1.42374765038682,-0.0221024077328719,0.0552159648431652,4.09090909090909,0.0313982679002906,-0.1,0,"Excluir","Excluir","Excluir","Incluir","Incluir"
"95",6204,0.0295595622004259,52,14,2,12,0.0111886342331373,0.0222675972317157,1.3026457481765,0.0249205020510592,0.000621031422476845,0.843060593458321,-0.0113100611633112,0.0704291855641629,3.71428571428571,0.111501065117657,-0.0769230769230769,1,"Incluir","Excluir","Incluir","Incluir","Incluir"
"96",6205,0.00945338330141609,71,7,2,5,0.00596162073877995,0.00870916184052003,1.61682279649218,0.0105541660872577,0.000111390421797421,1.11644326171316,-0.00785544908168661,0.0267622156845188,10.1428571428571,0.0674649933663326,-0.166666666666667,1,"Incluir","Excluir","Incluir","Incluir","Incluir"
"97",6206,0.010650916228146,67,6,2,4,0.0080307796143638,0.00772587278390536,0.66156696854669,0.0111437216174656,0.000124182531487571,1.04626882596422,-0.0076247872244976,0.0289266196807896,11.1666666666667,-0.0332884948970469,-0.2,1,"Incluir","Excluir","Incluir","Incluir","Incluir"
"98",6301,0.0233073486783887,336,60,2,58,0.00511548523118863,0.00730781817505522,1.50668187495694,0.00892033607159374,7.95723956301764e-05,0.382726332140256,0.00867799752097494,0.0379366998358024,5.6,0.110148233686292,-0.0169491525423728,1,"Incluir","Incluir","Incluir","Incluir","Incluir"
"99",6302,0.0430061437766229,77,10,2,8,0.0125273677861887,0.0203559644403987,1.33657942513601,0.0239018876231401,0.000571300231949216,0.555778442896165,0.00380704807467318,0.0822052394785726,7.7,0.0502357350949267,-0.111111111111111,1,"Incluir","Excluir","Incluir","Incluir","Incluir"
"100",6303,0.0316090180626642,173,21,2,19,0.009540384992375,0.00787243514536808,0.786858058786917,0.0123690816522796,0.000152994180920761,0.391314960425477,0.0113237241529256,0.0518943119724028,8.23809523809524,-0.0294472418781234,-0.05,1,"Incluir","Incluir","Incluir","Incluir","Incluir"
"101",6304,0.0488084859317994,49,6,2,4,0.0192659327835733,0.0278387060901218,1.37159484611256,0.0338551284563114,0.00114616972279335,0.693632015211813,-0.00671392473655134,0.10433089660015,8.16666666666667,0.0518504436436132,-0.2,0,"Excluir","Excluir","Excluir","Incluir","Incluir"
"102",6305,0.0639130568110273,68,12,2,10,0.0217656739812935,0.028966774747794,1.94891195740855,0.0362328387398696,0.00131281860314939,0.566908242974511,0.00449120127764118,0.123334912344413,5.66666666666667,0.203338276587546,-0.0909090909090908,1,"Incluir","Excluir","Incluir","Incluir","Incluir"
"103",6306,0.0246956990710549,87,6,2,4,0.0103155109542618,0.0135189492094803,1.09625916379484,0.0170050508372072,0.000289171753976003,0.688583497404953,-0.00319258430196497,0.0525839824440748,14.5,0.00713030842924726,-0.2,1,"Incluir","Excluir","Incluir","Incluir","Incluir"
"104",6307,0.0220483561863904,60,6,2,4,0.0161385584857861,0.00950728572406397,0.715960781460646,0.0187307648492561,0.000350841551838129,0.849531125627312,-0.00867009816638967,0.0527668105391704,10,-0.0315599131710394,-0.2,1,"Incluir","Excluir","Incluir","Incluir","Incluir"
"105",6308,0.0313697284292523,65,6,2,4,0.0147416197273283,0.0117214980274047,0.530444894782589,0.018833716260781,0.000354708868191606,0.600378683648996,0.000482433761571498,0.0622570230969331,10.8333333333333,-0.047751366632279,-0.2,1,"Incluir","Excluir","Incluir","Incluir","Incluir"
"106",6309,0.0177136706658719,23,3,1,2,0.0221777220578819,0.0147967573031336,1.0164042366348,0.0266607460954208,0.000710795382364497,1.5050943758815,-0.0260099529306183,0.061437294262362,7.66666666666667,0.00246063549522014,-0.5,0,"Excluir","Excluir","Excluir","Incluir","Excluir"
"107",6310,0.0335416241091337,151,24,2,22,0.0112781501634704,0.00911488952611417,0.754119016924941,0.0145009614227145,0.000210277882183054,0.432327348715524,0.00976004737588194,0.0573232008423854,6.29166666666667,-0.0464656975889875,-0.0434782608695652,1,"Incluir","Incluir","Incluir","Excluir","Incluir"
"108",7101,0.0393802553463076,866,197,2,195,0.0042733031940879,0.00527421901842109,1.14322522474876,0.00678811508762753,4.60785064428765e-05,0.172373567106999,0.0282477466025985,0.0505127640900168,4.39593908629442,0.0421754398736992,-0.00510204081632648,1,"Incluir","Incluir","Incluir","Incluir","Incluir"
"109",7102,0.0249529709554529,155,23,2,21,0.00745562560393661,0.00921840462753447,0.940666073188307,0.0118560253467604,0.000140565337023024,0.475134819333788,0.00550908938676588,0.0443968525241399,6.73913043478261,-0.0103384872474919,-0.0454545454545454,1,"Incluir","Incluir","Incluir","Incluir","Incluir"
"110",7103,0.0200779576237778,70,6,2,4,0.0100392830379314,0.0121335876180469,0.916013817614792,0.0157483698331135,0.000248011152400518,0.784361145102881,-0.00574936890252829,0.0459052841500839,11.6666666666667,-0.0078737045986133,-0.2,1,"Incluir","Excluir","Incluir","Incluir","Incluir"
"111",7104,0.0160996661775186,55,6,2,4,0.0106046440106888,0.0145331694363473,1.09147500657197,0.0179908723651472,0.000323671488459017,1.11746865846632,-0.0134053645013228,0.0456046968563599,9.16666666666667,0.0112010212128945,-0.2,1,"Incluir","Excluir","Incluir","Incluir","Incluir"
"112",7105,0.035977449176348,77,6,2,4,0.015174941733016,0.0166045252375413,1.24197131731955,0.0224942018076787,0.000505989114964577,0.625230590902111,-0.000913041788245111,0.0728679401409411,12.8333333333333,0.020448280336863,-0.2,1,"Incluir","Excluir","Incluir","Incluir","Incluir"
"113",7106,0.0389058203354694,62,6,2,4,0.0168310557052926,0.0327094566666187,3.21818251985124,0.0367857715914736,0.00135319299158007,0.945508185517864,-0.0214228450745474,0.0992344857454861,10.3333333333333,0.237662412841204,-0.2,1,"Incluir","Excluir","Incluir","Incluir","Incluir"
"114",7107,0.0379545002372249,60,6,2,4,0.0200893480993977,0.014479876345428,0.646312341582876,0.0247638592718836,0.000613248726037657,0.652461740165288,-0.00265822896866421,0.0785672294431141,10,-0.0392986287130137,-0.2,1,"Incluir","Excluir","Incluir","Incluir","Incluir"
"115",7108,0.0463051309776886,82,6,2,4,0.0186618596062088,0.0109573540246992,0.494103179681547,0.0216409013487064,0.000468328611184441,0.467354284326152,0.0108140527658101,0.081796209189567,13.6666666666667,-0.03993922265672,-0.2,1,"Incluir","Excluir","Incluir","Incluir","Incluir"
"116",7109,0.0325732724290589,157,21,2,19,0.0113062806021768,0.0147445278743973,2.10160635772087,0.018580448952973,0.000345233083294036,0.570420088845518,0.0021013361461831,0.0630452087119346,7.47619047619048,0.170100981706898,-0.05,1,"Incluir","Incluir","Incluir","Incluir","Incluir"
"117",7110,0.0067207041473524,53,6,2,4,0.0114220086449906,0.00267695715215834,0.295726288621952,0.0117315123100447,0.000137628381080731,1.74557785208658,-0.012518976041121,0.0259603843358258,8.83333333333333,-0.0899072823035806,-0.2,1,"Incluir","Excluir","Incluir","Incluir","Incluir"
"118",7201,0.0288072121185348,172,31,2,29,0.0108267535844868,0.00666568472481205,0.623463737214641,0.0127141632060387,0.000161649946029789,0.441353476126847,0.00795598446063124,0.0496584397764383,5.54838709677419,-0.0827845684138023,-0.0333333333333334,1,"Incluir","Incluir","Incluir","Excluir","Incluir"
"119",7202,0.0365849510395151,49,11,2,9,0.0196378028498665,0.019086521680461,0.914891933972219,0.0273850070408779,0.000749938610628933,0.748532012829527,-0.00832646050752469,0.0814963625865549,4.45454545454545,-0.0246365454290945,-0.1,0,"Excluir","Excluir","Excluir","Incluir","Incluir"
"120",7203,0.076289417770675,42,6,2,4,0.03059352145834,0.0313742979696347,1.0569202334604,0.0438213432964958,0.00192031012830933,0.574409198248467,0.00442241476442194,0.148156420776928,7,0.009486705576733,-0.2,0,"Excluir","Excluir","Excluir","Incluir","Incluir"
"121",7301,0.0372433870060347,634,118,2,116,0.00489508815870943,0.0062686499530882,1.28884871724918,0.00795348101876719,6.32578603158901e-05,0.21355418124239,0.0241996781352565,0.0502870958768129,5.3728813559322,0.0660545516189993,-0.00854700854700852,1,"Incluir","Incluir","Incluir","Incluir","Incluir"
"122",7302,0.0152793425127927,60,13,2,11,0.0073838853889483,0.0129383213770388,1.0070445583437,0.0148970441193098,0.000221921923492663,0.974979395012398,-0.00915180984287543,0.0397104948684608,4.61538461538461,0.00194849486102273,-0.0833333333333333,1,"Incluir","Excluir","Incluir","Incluir","Incluir"
"123",7303,0.0106853824922512,58,6,2,4,0.0123166398596817,0.00822977768898473,1.28885355096689,0.0148131312774582,0.00021942885824321,1.38629864566854,-0.0136081528027802,0.0349789177872826,9.66666666666667,0.0333292558807945,-0.2,1,"Incluir","Excluir","Incluir","Incluir","Incluir"
"124",7304,0.0183818748369805,151,29,2,27,0.00662436935699168,0.00811679663015011,0.992391157568295,0.0104768629328185,0.000109764656913067,0.5699561674602,0.00119981962715816,0.0355639300468029,5.20689655172414,-0.00180865926655288,-0.0357142857142858,1,"Incluir","Incluir","Incluir","Incluir","Incluir"
"125",7305,0.0493923643905438,77,6,2,4,0.0176998186885983,0.0173201636677947,0.838230567858482,0.0247643221407017,0.000613271651088447,0.501379564357175,0.00877887607979303,0.0900058527012945,12.8333333333333,-0.0136706562373114,-0.2,1,"Incluir","Excluir","Incluir","Incluir","Incluir"
"126",7306,0.059426558505522,79,6,2,4,0.0186475161297964,0.051075697772385,5.95522790858966,0.0543733092679398,0.00295645676074703,0.914966483594829,-0.0297456686938993,0.148598785704943,13.1666666666667,0.407279006185451,-0.2,1,"Incluir","Excluir","Incluir","Incluir","Incluir"
"127",7307,0.0353097026011216,88,6,2,4,0.0138922662369515,0.0119728336778049,0.704685556376886,0.0183396784997644,0.000336343807474722,0.519394873044948,0.00523262986150795,0.0653867753407353,14.6666666666667,-0.0216083739236425,-0.2,1,"Incluir","Excluir","Incluir","Incluir","Incluir"
"128",7308,0.0379547078672844,146,15,2,13,0.0111348253980799,0.0147487373511954,1.87530666973206,0.0184799780871156,0.000341509590100272,0.486895542754122,0.00764754380441487,0.068261871930154,9.73333333333333,0.100225954549473,-0.0714285714285714,1,"Incluir","Excluir","Incluir","Incluir","Incluir"
"129",7309,0.06777880500338,50,6,2,4,0.0307539842464321,0.0625320181460328,4.75921122840915,0.0696854420983721,0.00485606084044557,1.02813028490097,-0.0465053200379501,0.18206293004471,8.33333333333333,0.512619712964884,-0.2,1,"Incluir","Excluir","Incluir","Incluir","Incluir"
"130",7401,0.0344626788253552,343,64,2,62,0.00625319628716814,0.00773326459332099,1.11948746774058,0.0099451417826075,9.89058450761655e-05,0.288577154231277,0.0181526463018789,0.0507727113488315,5.359375,0.0274093115964054,-0.0158730158730158,1,"Incluir","Incluir","Incluir","Incluir","Incluir"
"131",7402,0.0580936089470534,88,7,2,5,0.0188295941477296,0.0217897412392619,1.47956830488762,0.0287983756320075,0.000829346439042202,0.495723645922124,0.0108642729105612,0.105322944983546,12.5714285714286,0.0414441744964608,-0.166666666666667,1,"Incluir","Excluir","Incluir","Incluir","Incluir"
"132",7403,0.0724105618720921,113,15,2,13,0.0166826211073933,0.0170956440881069,0.849948051667884,0.023886625835393,0.000570570893800067,0.329877647926376,0.0332364955020475,0.111584628242137,7.53333333333333,-0.0229671349487933,-0.0714285714285714,1,"Incluir","Excluir","Incluir","Incluir","Incluir"
"133",7404,0.0442179555287672,154,30,2,28,0.0123950170709201,0.0116277188304041,1.0147921447704,0.0169953020975603,0.000288840293387336,0.384352960111498,0.0163456600887683,0.072090250968766,5.13333333333333,0.00357874470251512,-0.0344827586206897,1,"Incluir","Incluir","Incluir","Incluir","Incluir"
"134",7405,0.0280720282002613,95,8,2,6,0.0111763052121739,0.0148931645295173,1.36261366324555,0.0186203154618534,0.000346716147898937,0.663304957127397,-0.00246528915717828,0.0586093455577009,11.875,0.0333437851260273,-0.142857142857143,1,"Incluir","Excluir","Incluir","Incluir","Incluir"
"135",7406,0.0200151253161089,128,26,2,24,0.00857158651970248,0.00999951295371083,1.31545151073488,0.0131705108016423,0.000173462354776176,0.658027896085276,-0.00158451239858444,0.0416147630308022,4.92307692307692,0.0804092086186962,-0.04,1,"Incluir","Incluir","Incluir","Incluir","Incluir"
"136",7407,0.0565824953546131,81,10,2,8,0.0157701452907789,0.0217769943737341,1.21566606230406,0.0268874499803519,0.000722934966445925,0.475190247652445,0.012487077386836,0.10067791332239,8.1,0.0303755017329665,-0.111111111111111,1,"Incluir","Excluir","Incluir","Incluir","Incluir"
"137",7408,0.0533410675380325,97,8,2,6,0.017504006004467,0.0132625375528928,0.711059616363234,0.0219609910647563,0.000482285128546307,0.411708877950334,0.0173250421918321,0.0893570928842328,12.125,-0.0259721693156644,-0.142857142857143,1,"Incluir","Excluir","Incluir","Incluir","Incluir"
"138",8101,0.0252490087382842,998,169,2,167,0.00324944095700545,0.00386641335935,1.16893052061119,0.00505054638612741,2.55080187984247e-05,0.200029491790283,0.0169661126650353,0.0335319048115332,5.90532544378698,0.0344381881583734,-0.00595238095238093,1,"Incluir","Incluir","Incluir","Incluir","Incluir"
"139",8102,0.0454551527502894,373,84,2,82,0.00921753075102175,0.0102329319885442,1.88156754881121,0.0137722826803766,0.000189675770228202,0.30298617091962,0.0228686091544718,0.0680416963461071,4.44047619047619,0.256234166436476,-0.0120481927710843,1,"Incluir","Incluir","Incluir","Incluir","Incluir"
"140",8103,0.0593242770530453,327,53,1,52,0.0110093191725787,0.0296669340394116,8.45447191225406,0.0316438316886958,0.00100133208394251,0.533404421606371,0.0074283930835843,0.111220161022506,6.16981132075472,1.44192339908564,-0.0192307692307692,1,"Incluir","Incluir","Incluir","Incluir","Incluir"
"141",8104,0.0156993054699222,69,14,2,12,0.0195011547430764,0.00988681140473052,1.24373366372373,0.0218642190820098,0.00047804407606612,1.3926870283465,-0.0201580138245739,0.0515566247644182,4.92857142857143,0.0620412962205863,-0.0769230769230769,1,"Incluir","Excluir","Incluir","Incluir","Incluir"
"142",8105,0.0166146816986617,96,18,2,16,0.00887875073249794,0.0109088557498898,1.49724560122096,0.0140653954207387,0.000197835348341736,0.846564242146849,-0.00645256679134972,0.0396819301886731,5.33333333333333,0.114748984897144,-0.0588235294117647,1,"Incluir","Incluir","Incluir","Incluir","Incluir"
"143",8106,0.051676713091278,162,45,1,44,0.0116424631990292,0.0112675993173987,0.814496922993914,0.0162020290000417,0.000262505743718191,0.313526693762886,0.0251053855312097,0.0782480406513463,3.6,-0.0713473373100332,-0.0227272727272727,1,"Incluir","Incluir","Incluir","Excluir","Incluir"
"144",8107,0.0307148968805686,179,32,2,30,0.00801375205754177,0.00918492066822359,0.877635033662824,0.0121894622408585,0.000148582989721316,0.396858315632831,0.0107241788055606,0.0507056149555766,5.59375,-0.026637271583603,-0.032258064516129,1,"Incluir","Incluir","Incluir","Incluir","Incluir"
"145",8108,0.0212333647194419,461,83,1,82,0.00382174908471989,0.00686547118256168,1.85198220447845,0.00785750982342003,6.17404606251423e-05,0.370054860698808,0.00834704860903301,0.0341196808298507,5.55421686746988,0.18707545759712,-0.0121951219512195,1,"Incluir","Incluir","Incluir","Incluir","Incluir"
"146",8109,0.0162127367406112,70,13,2,11,0.00902317615381068,0.0101333195933425,0.707225231895305,0.0135684145677937,0.000184101873883517,0.836898469695514,-0.00603946315057053,0.0384649366317929,5.38461538461539,-0.0667731927256323,-0.0833333333333333,1,"Incluir","Excluir","Incluir","Incluir","Incluir"
"147",8110,0.0301429770848795,608,133,2,131,0.00479366797184332,0.00517217115510263,1.07892081057029,0.00705199312832564,4.97306070819521e-05,0.233951447744128,0.0185777083544255,0.0417082458153336,4.57142857142857,0.0220978269596807,-0.00757575757575757,1,"Incluir","Incluir","Incluir","Incluir","Incluir"
"148",8111,0.0220775803414195,177,37,2,35,0.00770883972592302,0.00726198342656734,0.894052634843729,0.0105906852095465,0.000112162613207708,0.479703167003201,0.00470885659776315,0.0394463040850758,4.78378378378378,-0.0280003750770144,-0.0277777777777777,1,"Incluir","Incluir","Incluir","Excluir","Incluir"
"149",8112,0.0346525104168576,308,72,1,71,0.00704007322893474,0.00842681947880326,1.21868966737632,0.0109806155381701,0.000120573917597102,0.316877923304173,0.0166443009342587,0.0526607198994565,4.27777777777778,0.0667188815724377,-0.0140845070422535,1,"Incluir","Incluir","Incluir","Incluir","Incluir"
"150",8201,0.0585827894825865,91,24,2,22,0.0281076442306187,0.0222883678547445,2.57688443481092,0.0358721480514262,0.00128681100582344,0.612332536027309,-0.000247533321752438,0.117413112286925,3.79166666666667,0.564854125902419,-0.0434782608695652,1,"Incluir","Incluir","Incluir","Incluir","Incluir"
"151",8202,0.0177319559125452,110,19,2,17,0.00974463616419419,0.00736082174892254,0.713405674311712,0.0122122737764895,0.000149139630791932,0.688715550428897,-0.00229617308089757,0.0377600849059879,5.78947368421053,-0.0598383756931589,-0.0555555555555556,1,"Incluir","Incluir","Incluir","Excluir","Incluir"
"152",8203,0.0953339394945208,129,22,2,20,0.0230578122281814,0.043571772956512,5.39015926825272,0.0492966743637327,0.0024301621033239,0.517094694975507,0.0144873935379992,0.176180485451043,5.86363636363636,0.902649569173456,-0.0476190476190477,1,"Incluir","Incluir","Incluir","Incluir","Incluir"
"153",8204,0.0183665034895522,55,6,2,4,0.0138488439924417,0.00727150204467279,0.392000378762823,0.0156417780930644,0.000244665221912669,0.851647026989228,-0.00728601258307343,0.0440190195621778,9.16666666666667,-0.0744489332127156,-0.2,1,"Incluir","Excluir","Incluir","Incluir","Incluir"
"154",8205,0.0263352479662699,129,28,2,26,0.00982821237185658,0.0100946545253834,1.01647850526858,0.0140888540489693,0.000198495808413158,0.53498087684666,0.00322952732596026,0.0494409686065795,4.60714285714286,0.00456829849029906,-0.037037037037037,1,"Incluir","Incluir","Incluir","Incluir","Incluir"
"155",8206,0.0608812440326605,79,19,2,17,0.0214367323021531,0.0211320804421278,1.07655954800559,0.0301014670009077,0.000906098315606734,0.49442923644529,0.0115148381511719,0.110247649914149,4.15789473684211,0.0242438568684356,-0.0555555555555556,1,"Incluir","Incluir","Incluir","Incluir","Incluir"
"156",8207,0.0224732252318844,53,6,2,4,0.014443381304496,0.0157553967721571,1.37231046291765,0.0213739044387113,0.000456843790955164,0.951083087459409,-0.0125799780476022,0.057526428511371,8.83333333333333,0.0475289952660833,-0.2,1,"Incluir","Excluir","Incluir","Incluir","Incluir"
"157",8301,0.0293848233481539,668,107,2,105,0.00428625482269456,0.00457227281672898,0.882033010115264,0.00626718909206281,3.92776591156711e-05,0.213279794736508,0.0191066332371708,0.0396630134591369,6.24299065420561,-0.0224999428122402,-0.00943396226415105,1,"Incluir","Incluir","Incluir","Excluir","Incluir"
"158",8302,0.0534717312360876,53,6,2,4,0.0243310844342021,0.0326722025117112,2.14946883405992,0.0407366479562389,0.00165947448671054,0.761835216749931,-0.0133363714121441,0.120279833884319,8.83333333333333,0.146740702220416,-0.2,1,"Incluir","Excluir","Incluir","Incluir","Incluir"
"159",8303,0.0291970403310641,112,24,2,22,0.0104874522636443,0.0148491413505927,1.52791254810153,0.0181792093841317,0.000330483653832101,0.622638773587951,-0.000616863058911874,0.05901094372104,4.66666666666667,0.143976149482234,-0.0434782608695652,1,"Incluir","Incluir","Incluir","Incluir","Incluir"
"160",8304,0.0661019677290179,87,18,2,16,0.0153980546719033,0.0198850882027063,0.856351322071224,0.0251498870873874,0.000632516820508333,0.380471080535578,0.0248561529057026,0.107347782552333,4.83333333333333,-0.0374735681553328,-0.0588235294117647,1,"Incluir","Incluir","Incluir","Incluir","Incluir"
"161",8305,0.0476664564802834,106,23,2,21,0.0146151113080621,0.0131828720907981,0.736419144257892,0.0196822151982287,0.000387389595109387,0.412915426309695,0.0153876235551883,0.0799452894053785,4.60869565217391,-0.0730404780972107,-0.0454545454545454,1,"Incluir","Incluir","Incluir","Excluir","Incluir"
"162",8306,0.0341786102298822,98,18,2,16,0.0100847445898792,0.016345479946319,1.23814509574888,0.0192061653673662,0.000368876788118616,0.561935234878986,0.00268049902740172,0.0656767214323628,5.44444444444444,0.0535826465434974,-0.0588235294117647,1,"Incluir","Incluir","Incluir","Incluir","Incluir"
"163",8307,0.0625093909466866,55,6,2,4,0.0258891362283487,0.0236633341759745,0.933771183696523,0.0350742178668868,0.00123020075897384,0.56110317722982,0.00498767364499227,0.120031108248381,9.16666666666667,-0.00810965097593601,-0.2,1,"Incluir","Excluir","Incluir","Incluir","Incluir"
"164",8308,0.0032334279372991,52,6,2,4,0.00984179614255292,0.00268589714867061,2.60982514336148,0.0102017152873821,0.000104074994804806,3.15507736223238,-0.0134973851340076,0.0199642410086058,8.66666666666667,0.209977192612367,-0.2,1,"Incluir","Excluir","Incluir","Incluir","Incluir"
"165",8309,0.0461574115584095,46,6,2,4,0.0234188791407125,0.0332434520036899,2.38479168886166,0.0406641242538055,0.00165357100132893,0.880987968797762,-0.0205317522178316,0.112846575334651,7.66666666666667,0.207718753329249,-0.2,0,"Excluir","Excluir","Excluir","Incluir","Incluir"
"166",8310,0.0329786053543351,60,6,2,4,0.0189477563421456,0.0112640720961273,0.697585631965106,0.0220430667237586,0.000485896790588073,0.668405061006043,-0.00317202407262896,0.0691292347812992,10,-0.0336015964483215,-0.2,1,"Incluir","Excluir","Incluir","Incluir","Incluir"
"167",8311,0.0445353979249196,58,10,2,8,0.0203707849696614,0.0236816592248101,1.1614993849243,0.0312376353765808,0.000975789863920215,0.70141139031121,-0.00669432409267297,0.0957651199425122,5.8,0.0336457051925622,-0.111111111111111,1,"Incluir","Excluir","Incluir","Incluir","Incluir"
"168",8312,0.0345265219350883,57,13,2,11,0.021162464896278,0.00742715579353594,0.200840412589153,0.0224279415833833,0.000503012563667653,0.64958589299985,-0.00225530226166024,0.0713083461318369,4.38461538461539,-0.236115332644114,-0.0833333333333333,0,"Excluir","Excluir","Incluir","Excluir","Incluir"
"169",8313,0.0533226435921724,80,15,2,13,0.0170852772349859,0.0185288337643928,0.93954290112046,0.0252036580453082,0.000635224378864831,0.472663325510891,0.0119886443978669,0.094656642786478,5.33333333333333,-0.0139516382029708,-0.0714285714285714,1,"Incluir","Excluir","Incluir","Incluir","Incluir"
"170",8314,0.0918940962354642,48,6,2,4,0.0338818314289257,0.0507914672586499,2.25947536112758,0.0610553162899402,0.00372775164726464,0.664409562650201,-0.0082366224800378,0.192024814950966,8,0.179925051589654,-0.2,0,"Excluir","Excluir","Excluir","Incluir","Incluir"
"171",9101,0.0303934906052134,1117,242,2,240,0.00334182857399802,0.00379311393084353,1.02420829725814,0.00505524791779285,2.55555315103489e-05,0.166326664595929,0.0221028840200331,0.0386840971903937,4.61570247933884,0.00669532335596561,-0.00414937759336098,1,"Incluir","Incluir","Incluir","Incluir","Incluir"
"172",9102,0.0458020331046203,103,14,2,12,0.0149594813831638,0.00773235062621071,0.294880775142241,0.0168396950524612,0.000283575329459885,0.367662610391032,0.018184933218584,0.0734191329906566,7.35714285714286,-0.110917630876501,-0.0769230769230769,0,"Excluir","Excluir","Incluir","Excluir","Incluir"
"173",9103,0.0527205813256884,84,13,2,11,0.0169941353302691,0.0240648359944272,1.67473639388807,0.0294604305308354,0.000867916967062179,0.55880321859199,0.00440547525511831,0.101035687396258,6.46153846153846,0.123543283387956,-0.0833333333333333,1,"Incluir","Excluir","Incluir","Incluir","Incluir"
"174",9104,0.0601563208156748,55,6,2,4,0.0274959297889638,0.0567297435904569,5.57907369079975,0.0630419698518266,0.00397428996279861,1.04796917426173,-0.0432325097413207,0.16354515137267,9.16666666666667,0.560702900914255,-0.2,1,"Incluir","Excluir","Incluir","Incluir","Incluir"
"175",9105,0.0277294676014155,116,17,2,15,0.0117372701043407,0.00653147157533865,0.429980688207503,0.0134321863611888,0.000180423630441707,0.484401163205281,0.00570068196906584,0.0497582532337652,6.82352941176471,-0.0978821040451762,-0.0625,1,"Incluir","Incluir","Incluir","Excluir","Incluir"
"176",9106,0.0398895798959701,77,6,2,4,0.0163270511986154,0.00621741527396574,0.138061599679449,0.017470800025504,0.00030522885353115,0.437979042924665,0.0112374678541436,0.0685416919377966,12.8333333333333,-0.0728398648158212,-0.2,1,"Incluir","Excluir","Incluir","Incluir","Incluir"
"177",9107,0.0196786648915857,69,12,2,10,0.0119572852211691,0.0120786606604176,1.02899018289772,0.0169961970219785,0.00028887071320991,0.863686490705262,-0.00819509822445904,0.0475524280076303,5.75,0.00610319639952031,-0.0909090909090908,1,"Incluir","Excluir","Incluir","Incluir","Incluir"
"178",9108,0.0561877342007818,133,26,2,24,0.0147382735589263,0.010902710566726,0.653601372979666,0.0183326431591176,0.000336085805199543,0.326274825277837,0.0261221994198289,0.0862532689817348,5.11538461538461,-0.0841716289955952,-0.04,1,"Incluir","Incluir","Incluir","Excluir","Incluir"
"179",9109,0.0542060675435333,116,22,2,20,0.0150080663542902,0.0137426210583271,0.809731629988256,0.0203494886728771,0.000414101689247554,0.375409794420787,0.0208329061200148,0.0875792289670518,5.27272727272727,-0.0445308951091315,-0.0476190476190477,1,"Incluir","Incluir","Incluir","Incluir","Incluir"
"180",9110,0.036498098903538,55,6,2,4,0.0145430696441783,0.0196137211800897,0.934034419099654,0.0244171852023471,0.000596198933205721,0.668998822839517,-0.00354608482831137,0.0765422826353873,9.16666666666667,-0.00807741806943015,-0.2,1,"Incluir","Excluir","Incluir","Incluir","Incluir"
"181",9111,0.055971399385471,116,18,2,16,0.0147655707967176,0.0152215450392482,0.937880403674162,0.0212065441393628,0.000449717514334742,0.378881792704786,0.021192666996916,0.0907501317740259,6.44444444444444,-0.0114097217741335,-0.0588235294117647,1,"Incluir","Incluir","Incluir","Incluir","Incluir"
"182",9112,0.045369435550424,244,39,2,37,0.00869383953580551,0.0120485979294392,1.50324792586236,0.0148577103868537,0.00022075155793962,0.327482813189084,0.021002790515984,0.0697360805848641,6.25641025641026,0.0957398493104009,-0.0263157894736843,1,"Incluir","Incluir","Incluir","Incluir","Incluir"
"183",9113,0.0388785451844159,52,6,2,4,0.0193906767096386,0.0199027900386134,0.992038984446839,0.0277870364482945,0.000772119394578849,0.714713894681242,-0.00669219459078716,0.0844492849596189,8.66666666666667,-0.00103839333302104,-0.2,1,"Incluir","Excluir","Incluir","Incluir","Incluir"
"184",9114,0.0382751663221142,99,19,2,17,0.0144081817994858,0.012077310495342,0.874731204318057,0.0188004556212856,0.000353457131567931,0.491192003270887,0.00744241910320575,0.0691079135410227,5.21052631578947,-0.0297513389744615,-0.0555555555555556,1,"Incluir","Incluir","Incluir","Incluir","Incluir"
"185",9115,0.0395914205483465,104,20,2,18,0.0132928947411998,0.00963011417197961,0.469449396496228,0.0164146321788208,0.000269440149565979,0.414600738025459,0.0126714237750804,0.0665114173216125,5.2,-0.126321572262803,-0.0526315789473684,1,"Incluir","Incluir","Incluir","Excluir","Incluir"
"186",9116,0.054680729659043,78,7,2,5,0.016465544883392,0.0218133179199829,1.25381039831337,0.0273301117265415,0.000746935006985242,0.499812491474713,0.0098593464275149,0.0995021128905711,11.1428571428571,0.0250235603970932,-0.166666666666667,1,"Incluir","Excluir","Incluir","Incluir","Incluir"
"187",9117,0.0837422285044039,93,6,2,4,0.0185867853677195,0.016416653142018,0.586288107130425,0.024798691310047,0.000614975090691,0.296131256033422,0.0430723747559268,0.124412082252881,15.5,-0.0285318546806604,-0.2,1,"Incluir","Excluir","Incluir","Incluir","Incluir"
"188",9118,0.0465211499575844,61,6,2,4,0.0189795235446477,0.027389774782535,2.07104108169117,0.0333229962131233,0.00111042207661983,0.716297775173346,-0.00812856383193777,0.101170863747107,10.1666666666667,0.1168408452754,-0.2,1,"Incluir","Excluir","Incluir","Incluir","Incluir"
"189",9119,0.0524755292157698,82,7,2,5,0.0151339503020119,0.028464325570793,2.1695787258779,0.0322374670522339,0.00103925428194387,0.614333338491535,-0.000393916749893891,0.105344975181433,11.7142857142857,0.109160681081938,-0.166666666666667,1,"Incluir","Excluir","Incluir","Incluir","Incluir"
"190",9120,0.0404212745411496,178,35,2,33,0.0114592837207658,0.00756392473553005,0.560468008940576,0.0137305550069097,0.000188528140797772,0.339686344945202,0.0179031643298178,0.0629393847524814,5.08571428571429,-0.107577760049509,-0.0294117647058822,1,"Incluir","Incluir","Incluir","Excluir","Incluir"
"191",9121,0.0560812963222898,59,6,2,4,0.017851983791643,0.0171645171919468,0.520516079674233,0.0247651766747124,0.000613313975729721,0.441594226574063,0.0154664065757614,0.0966961860688182,9.83333333333333,-0.0542811985274453,-0.2,1,"Incluir","Excluir","Incluir","Incluir","Incluir"
"192",9201,0.0328851857895784,184,44,2,42,0.00958662992899301,0.00890846492253844,0.957530762336803,0.0130867956609539,0.000171264220671562,0.397954134870701,0.0114228409056139,0.0543475306735428,4.18181818181818,-0.0133474746941476,-0.0232558139534884,1,"Incluir","Incluir","Incluir","Incluir","Incluir"
"193",9202,0.0244945839358563,87,19,2,17,0.00937064229528229,0.0108411028439342,0.748545211160313,0.0143296353023687,0.000205338447898891,0.585012398654884,0.000993982039971641,0.0479951858317409,4.57894736842105,-0.070259426293442,-0.0555555555555556,1,"Incluir","Incluir","Incluir","Excluir","Incluir"
"194",9203,0.0197212975591254,86,18,2,16,0.0104993660799887,0.0156950288507342,2.47080516464204,0.0188830775750934,0.000356570618706996,0.957496712296998,-0.0112469496640278,0.0506895447822786,4.77777777777778,0.389330778875833,-0.0588235294117647,1,"Incluir","Incluir","Incluir","Incluir","Incluir"
"195",9204,0.0459628689336496,46,6,2,4,0.017691609622715,0.0323772375320024,1.66483873506781,0.0368955086866443,0.00136127856124625,0.802724232464805,-0.0145457653124471,0.106471503179746,7.66666666666667,0.0997258102601712,-0.2,0,"Excluir","Excluir","Excluir","Incluir","Incluir"
"196",9205,0.0283149941847848,48,6,2,4,0.0150723795033632,0.0164074766370317,0.891074378262785,0.022279630012371,0.000496381913488144,0.786849181990759,-0.00822359903550368,0.0648535874050733,8,-0.0155608031053164,-0.2,0,"Excluir","Excluir","Excluir","Incluir","Incluir"
"197",9206,0.0684751409581307,55,6,2,4,0.0227774436641687,0.0208218102591834,0.71234696784284,0.0308603260245872,0.000952359722343812,0.450679262470694,0.0178642062778078,0.119086075638454,9.16666666666667,-0.0352228202641421,-0.2,1,"Incluir","Excluir","Incluir","Incluir","Incluir"
"198",9207,0.104108759084972,65,6,2,4,0.027516555239806,0.0285938305386145,1.08065725808275,0.0396833460929934,0.0015747679571363,0.381172020892157,0.0390280714924627,0.169189446677481,10.8333333333333,0.00820243302536473,-0.2,1,"Incluir","Excluir","Incluir","Incluir","Incluir"
"199",9208,0.062706115228671,69,13,2,11,0.0195724570088549,0.0164189622991203,0.589525522046554,0.0255472776699085,0.000652663396343408,0.407412858805637,0.020808579850021,0.104603650607321,5.30769230769231,-0.0952887180963357,-0.0833333333333333,0,"Excluir","Excluir","Incluir","Excluir","Incluir"
"200",9209,0.0638126300975731,54,11,2,9,0.0233162712050152,0.0297993357271118,1.31616441712043,0.0378371366871615,0.00143164891268294,0.592941187807279,0.00175972593062827,0.125865534264518,4.90909090909091,0.0808792694959247,-0.1,1,"Incluir","Excluir","Incluir","Incluir","Incluir"
"201",9210,0.0710062760067811,76,20,2,18,0.0190026576520201,0.0222446402926535,0.892988455378005,0.0292561962597571,0.000855925019589424,0.412022681726938,0.0230261141407795,0.118986437872783,3.8,-0.0382184087935697,-0.0526315789473684,1,"Incluir","Incluir","Incluir","Incluir","Incluir"
"202",9211,0.0321914383256927,154,31,2,29,0.00949976246484139,0.00857154398871032,0.702965674171595,0.0127951886753891,0.000163716853238805,0.397471791907384,0.0112073288980546,0.0531755477533308,4.96774193548387,-0.0748623097616305,-0.0333333333333334,1,"Incluir","Incluir","Incluir","Excluir","Incluir"
"203",10101,0.0390711621489125,879,171,2,169,0.0047096909132986,0.00527234118013199,1.33192873295608,0.00706956646609416,4.9978770018523e-05,0.180940777731407,0.0274770731445181,0.0506652511533069,5.14035087719298,0.0801692278749853,-0.00588235294117645,1,"Incluir","Incluir","Incluir","Incluir","Incluir"
"204",10102,0.0415572415271068,130,16,2,14,0.0116139926393849,0.0135498249214742,0.996772618556914,0.0178460802539462,0.000318482580430288,0.429433706332641,0.012289669910635,0.0708248131435786,8.125,-0.000452965816573534,-0.0666666666666667,1,"Incluir","Incluir","Incluir","Incluir","Incluir"
"205",10104,0.0199508844665365,68,12,2,10,0.0110029011823547,0.013748493212563,1.21597699480621,0.0176092276958575,0.000310084900044554,0.882628924316279,-0.00892824895466975,0.0488300178877427,5.66666666666667,0.0462807846013316,-0.0909090909090908,1,"Incluir","Excluir","Incluir","Incluir","Incluir"
"206",10105,0.0441912116289989,86,14,2,12,0.0159870656519402,0.0180597991427047,1.22911628717514,0.0241193410613616,0.000581742613234282,0.545794970815738,0.00463549228836592,0.0837469309696319,6.14285714285714,0.0445503891729434,-0.0769230769230769,1,"Incluir","Excluir","Incluir","Incluir","Incluir"
"207",10106,0.0317143332690414,78,10,2,8,0.014937496993014,0.0210153972003477,2.52271852621792,0.0257832452554888,0.000664775735904684,0.812983991710071,-0.0105701889499602,0.073998855488043,7.8,0.223929195032047,-0.111111111111111,1,"Incluir","Excluir","Incluir","Incluir","Incluir"
"208",10107,0.00327333641781389,53,16,2,14,0.00827888148166109,0.00186277627758229,1.20738221283216,0.00848585965284098,7.20098140477144e-05,2.59241903968682,-0.0106434734128453,0.0171901462484731,3.3125,0.0896787947382325,-0.0666666666666667,1,"Incluir","Incluir","Incluir","Incluir","Incluir"
"209",10108,0.0303024525840095,83,7,2,5,0.0135467061035779,0.0200543012432875,2.14466463732651,0.0242009967690018,0.000585688244613236,0.798648119385974,-0.00938718211715349,0.0699920872851724,11.8571428571429,0.105429637648495,-0.166666666666667,1,"Incluir","Excluir","Incluir","Incluir","Incluir"
"210",10109,0.0351464712482528,161,29,2,27,0.00863694561342027,0.0121631242848736,1.15775361768702,0.0149177217395439,0.000222538421898461,0.424444366951505,0.0106814075954008,0.0596115349011048,5.55172413793103,0.0346579917645724,-0.0357142857142858,1,"Incluir","Incluir","Incluir","Incluir","Incluir"
"211",10201,0.0179596540795777,194,28,2,26,0.00589958033834729,0.00860164525051956,1.98768166724518,0.0104304050345324,0.0001087933491844,0.580768704581737,0.000853789822944477,0.0350655183362109,6.92857142857143,0.166596907728102,-0.037037037037037,1,"Incluir","Incluir","Incluir","Incluir","Incluir"
"212",10202,0.031980828838207,152,31,2,29,0.010911908837454,0.00856135640851074,0.847079391089924,0.0138696278980532,0.000192366578030454,0.433685692394668,0.0092346390853998,0.0547270185910141,4.90322580645161,-0.0391780072414245,-0.0333333333333334,1,"Incluir","Incluir","Incluir","Excluir","Incluir"
"213",10203,0.020201017682871,75,6,2,4,0.00988614286643752,0.0143082408754453,1.46454978867109,0.017391422533116,0.000302461577725376,0.860918138191754,-0.00832091527143927,0.0487229506371813,12.5,0.0403956337974863,-0.2,1,"Incluir","Excluir","Incluir","Incluir","Incluir"
"214",10204,0.0474460990562402,12,3,1,2,0.0313231598648133,0.0563979049438969,1.14768295329271,0.0645125106159842,0.00416186402597748,1.35970104812019,-0.058354418353974,0.153246616466454,4,0.0492276510975698,-0.5,0,"Excluir","Excluir","Excluir","Incluir","Excluir"
"215",10205,0.0300695508907957,71,6,2,4,0.0163926040341952,0.00774597089291041,0.321923733980108,0.018130568995366,0.000328717532095728,0.602954432582357,0.000335417738395433,0.059803684043196,11.8333333333333,-0.0625916553249131,-0.2,1,"Incluir","Excluir","Incluir","Incluir","Incluir"
"216",10206,0.0535094373312697,20,3,1,2,0.0333662230956059,0.0339661787204884,0.813134402524159,0.0476130879122317,0.00226700614053791,0.889807299177255,-0.0245760268447903,0.13159490150733,6.66666666666667,-0.0329762819075013,-0.5,0,"Excluir","Excluir","Excluir","Incluir","Excluir"
"217",10207,0.0741581330192082,49,6,2,4,0.0248157521797206,0.0344683226384051,1.79846873732635,0.0424721888033864,0.0018038868217505,0.57272462337186,0.00450374338165463,0.143812522656762,8.16666666666667,0.11141424241763,-0.2,0,"Excluir","Excluir","Excluir","Incluir","Incluir"
"218",10208,0.0389990876480127,67,13,2,11,0.0146201965207098,0.0127100426106815,0.522132663733495,0.01937254060441,0.000375295329469516,0.496743431006834,0.00722812105678021,0.0707700542392452,5.15384615384615,-0.115042136508603,-0.0833333333333333,0,"Excluir","Excluir","Incluir","Excluir","Incluir"
"219",10209,0.0268779095819115,66,6,2,4,0.0163055930981401,0.0161625627053181,1.13029140044015,0.0229586759088031,0.000527100799485454,0.854183835942879,-0.0107743189085255,0.0645301380723485,11,0.0130291400440153,-0.2,1,"Incluir","Excluir","Incluir","Incluir","Incluir"
"220",10210,0.0306247294235764,67,6,2,4,0.0184780318129108,0.011643442747985,0.788067321993437,0.0218404995067546,0.00047700741870455,0.713165468490335,-0.00519368976750119,0.066443148614654,11.1666666666667,-0.0208458371809734,-0.2,1,"Incluir","Excluir","Incluir","Incluir","Incluir"
"221",10301,0.0323910168463266,818,163,2,161,0.00418366945338655,0.00473667112618846,1.13272926977326,0.00631974235652587,3.99391434528671e-05,0.195107871620973,0.0220266393816242,0.0427553943110291,5.01840490797546,0.0330303373634208,-0.00617283950617287,1,"Incluir","Incluir","Incluir","Incluir","Incluir"
"222",10302,0.0214941747849231,76,6,2,4,0.0131430545175824,0.0199692727160973,2.70983575716138,0.0239063116114137,0.000571511734862012,1.11222281621077,-0.0177121762577953,0.0607005258276415,12.6666666666667,0.146557350613833,-0.2,1,"Incluir","Excluir","Incluir","Incluir","Incluir"
"223",10303,0.0232183682128537,98,16,2,14,0.0101728362349815,0.0188007004934689,2.66826911538403,0.0213764575201055,0.000456952936108874,0.920670105846263,-0.0118390221201193,0.0582757585458266,6.125,0.325515924952982,-0.0666666666666667,1,"Incluir","Incluir","Incluir","Incluir","Incluir"
"224",10304,0.036165417854658,77,6,2,4,0.0133207776441423,0.0147678616573307,0.835230542768652,0.0198880078181486,0.000395532854974741,0.549917821994336,0.0035490850328943,0.0687817506764218,12.8333333333333,-0.0139241794843393,-0.2,1,"Incluir","Excluir","Incluir","Incluir","Incluir"
"225",10305,0.0284855322052169,77,12,2,10,0.0122359445107964,0.0132590432828833,0.886123011074812,0.0180421885271345,0.000325520566848662,0.633380777201353,-0.00110365697928359,0.0580747213897174,6.41666666666667,-0.0210234441092655,-0.0909090909090908,1,"Incluir","Excluir","Incluir","Incluir","Incluir"
"226",10306,0.0343807708799502,62,6,2,4,0.0134064258505276,0.0200894300145307,1.27184711715834,0.0241519658080749,0.00058331745239442,0.702484708455434,-0.00522845304529263,0.0739899948051931,10.3333333333333,0.0291264768383937,-0.2,1,"Incluir","Excluir","Incluir","Incluir","Incluir"
"227",10307,0.0135443854147455,78,6,2,4,0.00799451988072213,0.00974429657782977,1.33121201164324,0.0126041129763251,0.000158863663919966,0.93057843455955,-0.00712635986642762,0.0342151306959186,13,0.0276010009702701,-0.2,1,"Incluir","Excluir","Incluir","Incluir","Incluir"
"228",11101,0.0304814694678129,997,221,2,219,0.00351685562854586,0.00485416328437326,1.48330932651816,0.00599426181471848,3.59311747033921e-05,0.196652652230174,0.0206508800916746,0.0403120588439512,4.51131221719457,0.137643506650147,-0.00454545454545463,1,"Incluir","Incluir","Incluir","Incluir","Incluir"
"229",11201,0.0465374659193879,395,87,2,85,0.00746681342131761,0.0118427047262799,2.34404000968942,0.0140001056389808,0.000196002957902622,0.300835152116614,0.0235772926714594,0.0694976391673165,4.54022988505747,0.379647665074609,-0.0116279069767442,1,"Incluir","Incluir","Incluir","Incluir","Incluir"
"230",11202,0.0197063309143546,86,7,2,5,0.0135719930407376,0.0077011740135688,0.666427594944042,0.0156047132714798,0.000243507076285098,0.791862946953404,-0.00588539885087226,0.0452980606795815,12.2857142857143,-0.0295570485492621,-0.166666666666667,1,"Incluir","Excluir","Incluir","Incluir","Incluir"
"231",11301,0.0073091549693217,78,7,2,5,0.00906377760871107,0.00676949904676691,1.4496150879209,0.0113127442242963,0.00012797818188435,1.54774994808274,-0.0112437455585243,0.0258620554971677,11.1428571428571,0.0443282481048771,-0.166666666666667,1,"Incluir","Excluir","Incluir","Incluir","Incluir"
"232",11401,0.0652311704165947,73,7,2,5,0.018638924685124,0.0207337060474275,0.805228298841933,0.027880030126936,0.000777296079878859,0.427403493588755,0.0195079210084197,0.11095441982477,10.4285714285714,-0.0206576046682799,-0.166666666666667,1,"Incluir","Excluir","Incluir","Incluir","Incluir"
"233",11402,0.0146830229717177,66,5,1,4,0.0130607605525234,0.00731739691266554,0.716836387485047,0.0149708972272152,0.000224127763787839,1.01960592556805,-0.00986924848091512,0.0392352944243506,13.2,-0.0232101321733568,-0.25,1,"Incluir","Excluir","Incluir","Incluir","Incluir"
"234",12101,0.0207170344504909,1594,391,2,389,0.00239941267338345,0.00254269046179423,1.01811251849724,0.00349606292301676,1.22224559616925e-05,0.168753058328477,0.0149834912567434,0.0264505776442384,4.076726342711,0.00588694491473016,-0.00256410256410255,1,"Incluir","Incluir","Incluir","Incluir","Incluir"
"235",12301,0.0455745342572036,53,7,2,5,0.0181629273600917,0.0172403683734594,0.647414383990142,0.025042408668907,0.000627122231940548,0.549482492296643,0.00450498404019616,0.0866440844742111,7.57142857142857,-0.0536543328710654,-0.166666666666667,1,"Incluir","Excluir","Incluir","Incluir","Incluir"
"236",12401,0.0132546951891189,214,65,2,63,0.00585637235280314,0.00451385056783572,0.847762590154794,0.0073940478821433,5.46719440834278e-05,0.557843675516073,0.00112845666240389,0.0253809337158339,3.29230769230769,-0.0664122928854927,-0.015625,1,"Incluir","Incluir","Incluir","Excluir","Incluir"
"237",13101,0.0348787082014835,1391,149,1,148,0.00336368892022767,0.0041472768521481,1.33327805971413,0.00533987906608622,2.85143084404258e-05,0.153098533215146,0.0261213065331021,0.0436361098698649,9.33557046979866,0.0399826335727897,-0.0067567567567568,1,"Incluir","Incluir","Incluir","Incluir","Incluir"
"238",13102,0.0330074812211332,138,22,1,21,0.00964690501926078,0.011782682554292,1.06188404699067,0.015228078822552,0.000231894384625856,0.461352343746912,0.00803343195214793,0.0579815304901184,6.27272727272727,0.0117366296016781,-0.0476190476190477,1,"Incluir","Incluir","Incluir","Incluir","Incluir"
"239",13103,0.0512780651889858,205,36,1,35,0.0102061707166078,0.0126737442308911,1.23775814409735,0.0162723604165649,0.000264789713526588,0.317335694250416,0.0245913941058194,0.0779647362721522,5.69444444444444,0.0506467052515056,-0.0285714285714285,1,"Incluir","Incluir","Incluir","Incluir","Incluir"
"240",13104,0.0274920473486826,195,38,1,37,0.00884837914994487,0.009113894746886,1.26559596797392,0.0127026332324639,0.000161356891038495,0.462047554020111,0.00665972884744187,0.0483243658499233,5.13157894736842,0.064284374414069,-0.027027027027027,1,"Incluir","Incluir","Incluir","Incluir","Incluir"
"241",13105,0.0599183013265194,258,44,1,43,0.0102482361406048,0.0107950546062302,1.04953190692385,0.0148848764840387,0.000221559547945089,0.248419533840336,0.0355071038926959,0.0843294987603429,5.86363636363636,0.0101841303955581,-0.0232558139534884,1,"Incluir","Incluir","Incluir","Incluir","Incluir"
"242",13106,0.0336390327364174,234,43,1,42,0.00862529358058547,0.00937816366877176,1.29274569067719,0.0127414929717659,0.00016234564314956,0.378771086303323,0.0127429842627214,0.0545350812101135,5.44186046511628,0.0659060979011475,-0.0238095238095237,1,"Incluir","Incluir","Incluir","Incluir","Incluir"
"243",13107,0.0133494842465298,116,22,1,21,0.00509651172077517,0.00883638044329526,0.992492129867131,0.0102007867862557,0.00010405605105865,0.764133400053072,-0.0033798060829296,0.0300787745759892,5.27272727272727,-0.00175716109492677,-0.0476190476190477,1,"Incluir","Incluir","Incluir","Incluir","Incluir"
"244",13108,0.0606818251428722,198,24,1,23,0.011996074214959,0.0142226714856503,1.35227420982168,0.018606186625946,0.000346190180759533,0.306618770647368,0.0301676790763207,0.0911959712094237,8.25,0.0485895461823001,-0.0434782608695652,1,"Incluir","Incluir","Incluir","Incluir","Incluir"
"245",13109,0.0292381233288779,180,27,1,26,0.00839437563919908,0.00812802091524118,0.75396623591275,0.0116846166548405,0.000136530266370577,0.399636342025409,0.0100753520149394,0.0484008946428164,6.66666666666667,-0.0434177230742206,-0.0384615384615385,1,"Incluir","Incluir","Incluir","Excluir","Incluir"
"246",13110,0.0274676404258836,723,119,1,118,0.00399999934446312,0.00448410543381893,0.998570116615709,0.0060089263847471,3.61071962973098e-05,0.218763835974957,0.0176130011548983,0.0373222796968688,6.07563025210084,-0.000281715434984432,-0.00847457627118642,1,"Incluir","Incluir","Incluir","Incluir","Incluir"
"247",13111,0.0485839083324749,169,31,1,30,0.0109853806525109,0.0125221899675177,1.01222572565522,0.0166578458890446,0.000277483829663161,0.342867555550487,0.0212650410744417,0.0759027755905081,5.45161290322581,0.00274635866167927,-0.0333333333333334,1,"Incluir","Incluir","Incluir","Incluir","Incluir"
"248",13112,0.0629970111292866,252,45,1,44,0.010326046795486,0.0110963787419086,0.96126846325851,0.0151577327990187,0.000229756863606446,0.240610348448293,0.038138329338896,0.0878556929196773,5.6,-0.00841989929162831,-0.0227272727272727,1,"Incluir","Incluir","Incluir","Incluir","Incluir"
"249",13113,0.00872322395170984,160,32,1,31,0.00419352512359767,0.00561168648470041,0.938917487946844,0.00700547487075745,4.90766781648141e-05,0.803083230413258,-0.00276575483633237,0.0202122027397521,5,-0.015270628013289,-0.032258064516129,1,"Incluir","Incluir","Incluir","Incluir","Incluir"
"250",13114,0.00783374370605487,924,142,1,141,0.00193267750517087,0.00224975357513441,1.20883501053826,0.00296591191504797,8.79663348782353e-06,0.378607218507232,0.0029696481653762,0.0126978392467335,6.50704225352113,0.037921446926384,-0.00709219858156018,1,"Incluir","Incluir","Incluir","Incluir","Incluir"
"251",13115,0.0111197464507537,251,44,1,43,0.00384368886412659,0.00468385518336503,0.863594555188722,0.00605907942371993,3.67124434629462e-05,0.544893667364984,0.00118285619585299,0.0210566367056543,5.70454545454545,-0.0289943940661654,-0.0232558139534884,1,"Incluir","Incluir","Incluir","Excluir","Incluir"
"252",13116,0.0314782099349268,133,22,1,21,0.0109203058959059,0.0116791055638774,1.14847222629565,0.0159892022200093,0.00025565458763235,0.507945091320723,0.00525591829411157,0.0577005015757421,6.04545454545455,0.0294269277342735,-0.0476190476190477,1,"Incluir","Incluir","Incluir","Incluir","Incluir"
"253",13117,0.075786481710163,126,24,1,23,0.0172102576537949,0.0171509415960578,1.0803199377803,0.0242970732011366,0.000590347766141392,0.32059903894283,0.035939281660299,0.115633681760027,5.25,0.0188988088894824,-0.0434782608695652,1,"Incluir","Incluir","Incluir","Incluir","Incluir"
"254",13118,0.0370016057129372,216,37,1,36,0.00784496686325899,0.00929025653797704,0.861599108126015,0.0121594560580257,0.000147852371627057,0.328619686193084,0.0170600977777751,0.0569431136480993,5.83783783783784,-0.0286080055828908,-0.0277777777777777,1,"Incluir","Incluir","Incluir","Excluir","Incluir"
"255",13119,0.0314448143014327,1044,179,1,178,0.00377933320602834,0.00452967445195736,1.37288925092409,0.00589926352377173,3.48013101229037e-05,0.187606880651954,0.0217700221224471,0.0411196064804184,5.83240223463687,0.07716436522013,-0.00561797752808979,1,"Incluir","Incluir","Incluir","Incluir","Incluir"
"256",13120,0.0107781017139712,676,88,1,87,0.00267336971497258,0.00309436791939806,1.08307686156677,0.00408925646707717,1.67220184535324e-05,0.37940414514519,0.0040717211079647,0.0174844823199778,7.68181818181818,0.0124332717991088,-0.0114942528735633,1,"Incluir","Incluir","Incluir","Incluir","Incluir"
"257",13121,0.0419733864101014,140,29,1,28,0.0117008612413322,0.0148245943831331,1.40756112523661,0.0188859406017633,0.000356678752413332,0.449950366578432,0.0110004438232096,0.0729463289969933,4.82758620689655,0.106479933620375,-0.0357142857142858,1,"Incluir","Incluir","Incluir","Incluir","Incluir"
"258",13122,0.0314606849403478,328,60,1,59,0.00603377770934492,0.00811017225762557,1.1886261893548,0.0101084799794107,0.000102181367494147,0.321305146362111,0.0148827777741142,0.0480385921065814,5.46666666666667,0.0422297438854029,-0.0169491525423728,1,"Incluir","Incluir","Incluir","Incluir","Incluir"
"259",13123,0.00824056448311533,454,85,1,84,0.00263319931189891,0.00381385725094596,1.28931480041503,0.00463457071871581,2.1479245746778e-05,0.562409374771826,0.000639868504421409,0.0158412604618093,5.34117647058823,0.0666443307189093,-0.0119047619047619,1,"Incluir","Incluir","Incluir","Incluir","Incluir"
"260",13124,0.0223339761033901,258,56,1,55,0.0062503629212749,0.00623528604750609,0.874503901148038,0.00882869349008517,7.79458287418722e-05,0.395303256760674,0.0078549187796504,0.0368130334271298,4.60714285714286,-0.034790997701534,-0.0181818181818181,1,"Incluir","Incluir","Incluir","Excluir","Incluir"
"261",13125,0.0464860889497566,275,46,1,45,0.00856746339407628,0.0113545661271139,1.46245859417543,0.0142241906955664,0.000202327600943838,0.3059881142279,0.0231584162090277,0.0698137616904855,5.97826086956522,0.0928956128037985,-0.0222222222222221,1,"Incluir","Incluir","Incluir","Incluir","Incluir"
"262",13126,0.0418348540762516,193,29,1,28,0.0100940964096633,0.0104461479977484,0.946504719244391,0.0145262793005793,0.00021101279031844,0.347229113650129,0.0180117560233015,0.0656579521292018,6.6551724137931,-0.00945953135312597,-0.0357142857142858,1,"Incluir","Incluir","Incluir","Incluir","Incluir"
"263",13127,0.0444650707120336,244,43,1,42,0.00900888552875285,0.0109894973668771,1.28534820272253,0.0142101749055657,0.000201929070846771,0.319580620878672,0.0211603838669058,0.0677697575571614,5.67441860465116,0.0610446403834269,-0.0238095238095237,1,"Incluir","Incluir","Incluir","Incluir","Incluir"
"264",13128,0.0430048307963679,189,32,1,31,0.0111318797758486,0.0103753367113088,1.07583179509868,0.0152173045976276,0.000231566359216979,0.353851051517516,0.0180484512562585,0.0679612103364772,5.90625,0.0154561620583288,-0.032258064516129,1,"Incluir","Incluir","Incluir","Incluir","Incluir"
"265",13129,0.033758984343798,125,34,1,33,0.0118924669401573,0.0108011843485682,0.974451486973446,0.0160653774700282,0.000258096353254489,0.475884502519982,0.00741176529295183,0.0601062033946443,3.67647058823529,-0.00954559827365747,-0.0303030303030303,1,"Incluir","Incluir","Incluir","Incluir","Incluir"
"266",13130,0.018900755892411,243,35,1,34,0.00495211807114304,0.00756925233612089,1.24962125051235,0.00904527801222344,8.18170543184129e-05,0.478566998257211,0.00406649995236458,0.0337350118324575,6.94285714285714,0.0420035758073674,-0.0294117647058822,1,"Incluir","Incluir","Incluir","Incluir","Incluir"
"267",13131,0.0367387641625841,113,21,1,20,0.0106116491017185,0.013024324188661,0.886211771264297,0.0168000034889681,0.000282240117229342,0.457282760373246,0.00918675844067638,0.0642907698844919,5.38095238095238,-0.0259734000374975,-0.05,1,"Incluir","Incluir","Incluir","Incluir","Incluir"
"268",13132,0.000315665504991558,210,67,1,66,0.00138184741985539,0.000318597702560564,1.38305029412273,0.00141809971011839,2.01100678783787e-06,4.49241265736755,-0.00201001801960261,0.00264134902958572,3.13432835820896,0.179471116826733,-0.0151515151515151,1,"Incluir","Incluir","Incluir","Incluir","Incluir"
"269",13201,0.0352106837858461,849,152,1,151,0.00419947908539236,0.00456750975973174,0.958917385624467,0.00620465712138008,3.84977699938925e-05,0.176215183979875,0.0250350461067828,0.0453863214649095,5.58552631578947,-0.00895919280499423,-0.00662251655629142,1,"Incluir","Incluir","Incluir","Excluir","Incluir"
"270",13202,0.0140818488560521,54,14,2,12,0.0115416952632553,0.00885520919395643,0.513177224990999,0.0145473523164382,0.000211625459418579,1.03305698457245,-0.00977580894290653,0.0379395066550107,3.85714285714286,-0.17038797125315,-0.0769230769230769,0,"Excluir","Excluir","Incluir","Excluir","Incluir"
"271",13203,0.00400729237060824,72,15,2,13,0.0049597699675462,0.00345119266841334,0.632787415425749,0.00604235458786417,3.65100489654832e-05,1.5078397154603,-0.005902169153489,0.0139167538947055,4.8,-0.0966348906774346,-0.0714285714285714,0,"Excluir","Excluir","Incluir","Excluir","Incluir"
"272",13301,0.0591445390754183,115,22,2,20,0.0139915812946396,0.0150264227411897,0.855291203897732,0.0205318710185276,0.000421557727521453,0.347147367102588,0.025472270605033,0.0928168075458035,5.22727272727273,-0.0342321883252676,-0.0476190476190477,1,"Incluir","Incluir","Incluir","Incluir","Incluir"
"273",13302,0.0486289698575974,97,18,2,16,0.0119072389747089,0.0245150570923119,2.18086065397137,0.027253813755879,0.000742770364240139,0.560443987106609,0.00393271529795586,0.093325224417239,5.38888888888889,0.269056857866895,-0.0588235294117647,1,"Incluir","Incluir","Incluir","Incluir","Incluir"
"274",13303,0.0206607997930675,59,13,2,11,0.00944737717036795,0.0139907804438815,0.94816836899023,0.0168817911617247,0.000284994872828088,0.817092819775023,-0.00702533771216107,0.0483469372982961,4.53846153846154,-0.014648069633196,-0.0833333333333333,1,"Incluir","Excluir","Incluir","Incluir","Incluir"
"275",13401,0.0691577907990989,468,82,2,80,0.00748073085861845,0.0116384055095356,1.68346834381561,0.0138352382337087,0.000191413816983475,0.200053212716115,0.0464680000958166,0.0918475815023811,5.70731707317073,0.145192756976372,-0.0123456790123457,1,"Incluir","Incluir","Incluir","Incluir","Incluir"
"276",13402,0.0198805657562157,117,23,2,21,0.00765602287476258,0.0109067733806473,1.10504606760341,0.0133256291347044,0.000177572391835684,0.670284201068985,-0.00197346602469962,0.0417345975371309,5.08695652173913,0.0257027612221112,-0.0454545454545454,1,"Incluir","Incluir","Incluir","Incluir","Incluir"
"277",13403,0.0148221368309517,77,10,2,8,0.00972198685547898,0.00830455430569467,0.807229332071444,0.012786033420664,0.000163482650634338,0.862630912566138,-0.00614695797893731,0.0357912316408407,7.7,-0.028771741481874,-0.111111111111111,1,"Incluir","Excluir","Incluir","Incluir","Incluir"
"278",13404,0.0701749487714057,78,12,2,10,0.0208553853074902,0.0194064539635778,0.884422960126132,0.0284878491951277,0.00081155755176434,0.405954684597301,0.0234548760913962,0.116895021451415,6.5,-0.0210140072497943,-0.0909090909090908,1,"Incluir","Excluir","Incluir","Incluir","Incluir"
"279",13501,0.0326281310392873,187,27,2,25,0.00844882536828644,0.0128145734753762,1.66811583829608,0.0153491349417359,0.000235595943459617,0.470426422011548,0.00745554973484053,0.0578007123437342,6.92592592592593,0.112744547712464,-0.0384615384615385,1,"Incluir","Incluir","Incluir","Incluir","Incluir"
"280",13502,0.0266806989532494,57,6,2,4,0.011840210480756,0.0136058155484852,0.639571261820393,0.0180363189417355,0.000325308800968006,0.676006238567407,-0.00289886411119679,0.0562602620176956,9.5,-0.0424033809623066,-0.2,1,"Incluir","Excluir","Incluir","Incluir","Incluir"
"281",13503,0.029914262726299,67,11,2,9,0.0142656682083483,0.0132972085223817,0.820918047327376,0.0195019241081074,0.000380325043918381,0.651927285874987,-0.00206889281099714,0.0618974182635952,6.09090909090909,-0.0351768121321225,-0.1,1,"Incluir","Excluir","Incluir","Incluir","Incluir"
"282",13504,0.0278647021892235,53,5,2,3,0.0178683882821596,0.0224781033170386,1.64985728539819,0.0287148816562681,0.000824544428533482,1.03051098343959,-0.0192277037270562,0.0749571081055031,10.6,0.0676934672289782,-0.25,1,"Incluir","Excluir","Incluir","Incluir","Incluir"
"283",13505,0.0516235459167567,22,3,1,2,0.0275699800004972,0.0294388582331799,0.590921333407887,0.0403329911028315,0.00162675017130108,0.781290598826138,-0.0145225594918869,0.1177696513254,7.33333333333333,-0.064591368409281,-0.5,0,"Excluir","Excluir","Excluir","Incluir","Excluir"
"284",13601,0.0191376700090504,110,16,2,14,0.0093316966049757,0.00894770011229327,1.10089180222155,0.0129283370480061,0.000167141898826848,0.675543942491023,-0.00206480274967964,0.0403401427677805,6.875,0.0171730727185623,-0.0666666666666667,1,"Incluir","Incluir","Incluir","Incluir","Incluir"
"285",13602,0.0571716610183733,66,9,2,7,0.022619307474609,0.0161024992914385,0.541945646675883,0.0277655101530961,0.000770923554061682,0.485651626321878,0.0116362243672957,0.102707097669451,7.33333333333333,-0.0723243715774921,-0.125,1,"Incluir","Excluir","Incluir","Incluir","Incluir"
"286",13603,0.00751619247902167,62,10,2,8,0.00884764743711377,0.00557832465162269,0.959091835907595,0.0104593771846304,0.000109398571090367,1.39157920899756,-0.00963718610377221,0.0246695710618155,6.2,-0.00786695463315473,-0.111111111111111,1,"Incluir","Excluir","Incluir","Incluir","Incluir"
"287",13604,0.0313718026110422,81,15,2,13,0.0132861764461313,0.0137015034328655,0.951581984209941,0.0190854311158684,0.000364253680878557,0.608362590842987,7.1695581018015e-05,0.0626719096410663,5.4,-0.0110040944977408,-0.0714285714285714,1,"Incluir","Excluir","Incluir","Incluir","Incluir"
"288",13605,0.0559474693289024,147,22,2,20,0.0126230685272561,0.0176673807102853,1.61171532493817,0.0217135487704328,0.000471478200205964,0.388106004273112,0.0203372493453926,0.0915576893124122,6.68181818181818,0.107661897189118,-0.0476190476190477,1,"Incluir","Incluir","Incluir","Incluir","Incluir"
"289",14101,0.0393255797394272,1224,244,2,242,0.0037798324493802,0.00519949083531636,1.62634434638675,0.00642820645996427,4.13218382919264e-05,0.163461200128716,0.0287833211450858,0.0498678383337686,5.01639344262295,0.155946959712619,-0.00411522633744865,1,"Incluir","Incluir","Incluir","Incluir","Incluir"
"290",14102,0.0569888916768923,47,4,2,2,0.0220741609897001,0.0262040502861012,0.973457191525927,0.0342625281436691,0.00117392083479572,0.601214151310855,0.00079834552127505,0.11317943783251,11.75,-0.00246909846270446,-0.333333333333333,0,"Excluir","Excluir","Excluir","Incluir","Excluir"
"291",14103,0.0375576076353979,114,19,2,17,0.0130958096915732,0.0117485909544802,0.875645737955183,0.0175934539216606,0.000309529620893596,0.468439153325592,0.00870434320387453,0.0664108720669214,6,-0.0248708524089634,-0.0555555555555556,1,"Incluir","Incluir","Incluir","Incluir","Incluir"
"292",14104,0.0445776753768331,142,21,2,19,0.0109616250277591,0.00922550384648649,0.464721503161467,0.0143271471155542,0.000205267144470733,0.321397358530722,0.0210811541073242,0.068074196646342,6.76190476190476,-0.092899573831481,-0.05,1,"Incluir","Incluir","Incluir","Excluir","Incluir"
"293",14105,0.0495060439483934,68,6,2,4,0.0165734688155943,0.0215571720463312,1.10204418445405,0.0271917549124105,0.000739391535216601,0.549261317279886,0.00491156589204018,0.0941005220047466,11.3333333333333,0.0098752436568436,-0.2,1,"Incluir","Excluir","Incluir","Incluir","Incluir"
"294",14106,0.0413480143263941,144,23,2,21,0.0105973656358784,0.017541088169715,2.1254931401683,0.0204937535019384,0.000419993932598211,0.49564057272894,0.00773825858321514,0.074957770069573,6.26086956521739,0.213936712593974,-0.0454545454545454,1,"Incluir","Incluir","Incluir","Incluir","Incluir"
"295",14107,0.0270189467579042,140,24,2,22,0.00936035896154763,0.0128376697380365,1.71113603135906,0.0158877967066526,0.000252422084191922,0.588024279740097,0.000962960158993872,0.0530749333568145,5.83333333333333,0.147131592694977,-0.0434782608695652,1,"Incluir","Incluir","Incluir","Incluir","Incluir"
"296",14108,0.0326245784397748,243,33,2,31,0.00737566609048023,0.00721846681522749,0.747384044927472,0.0103202089824189,0.0001065067134408,0.316332332124079,0.0156994357086078,0.0495497211709419,7.36363636363636,-0.0396967929399687,-0.03125,1,"Incluir","Incluir","Incluir","Excluir","Incluir"
"297",14201,0.0302346470407121,245,45,2,43,0.00806454311314097,0.00655727306160802,0.701384985446746,0.0103939735245093,0.0001080346856282,0.343776909666363,0.0131885304605169,0.0472807636209073,5.44444444444444,-0.0671883782744822,-0.0227272727272727,1,"Incluir","Incluir","Incluir","Excluir","Incluir"
"298",14202,0.0264528166849618,103,15,2,13,0.00972776525172039,0.0105321989134964,0.728040850798699,0.0143372462748616,0.000205556630746034,0.541993181505402,0.00293973279418873,0.0499659005757349,6.86666666666667,-0.0463566731593127,-0.0714285714285714,1,"Incluir","Excluir","Incluir","Incluir","Incluir"
"299",14203,0.0402703175005988,70,6,2,4,0.0141747046621044,0.0175142807182704,0.886213219376642,0.0225315840840422,0.000507672281336265,0.559508478762483,0.00331851960276956,0.0772221153984281,11.6666666666667,-0.0106675106834398,-0.2,1,"Incluir","Excluir","Incluir","Incluir","Incluir"
"300",14204,0.0473276340018577,260,44,2,42,0.00911915833626934,0.011165764237778,1.28133111604917,0.0144164260403053,0.000207833339775593,0.304609058626076,0.023684695295757,0.0709705727079584,5.90909090909091,0.0573081903063123,-0.0232558139534884,1,"Incluir","Incluir","Incluir","Incluir","Incluir"
"301",15101,0.0446947169549849,2193,530,2,528,0.00288608178561511,0.00333170907222959,1.03060429210456,0.00440791939754305,1.94297534152363e-05,0.0986228283307524,0.0374657291430143,0.0519237047669555,4.1377358490566,0.00975362285954084,-0.00189035916824198,1,"Incluir","Incluir","Incluir","Incluir","Incluir"
"302",15102,0.0940370078358435,30,3,1,2,0.0396590236632082,0.0291721265663859,0.566199540252096,0.0492326225822284,0.00242385112632415,0.523545184127633,0.013295506800989,0.174778508870698,10,-0.0482000510831005,-0.5,0,"Excluir","Excluir","Excluir","Incluir","Excluir"
"303",15201,0.0669201310168072,77,6,2,4,0.0177285703792169,0.0270591511012228,1.84104990600418,0.0323496501682731,0.00104649986600965,0.483406856453231,0.0138667047408393,0.119973557292775,12.8333333333333,0.0710746399440149,-0.2,1,"Incluir","Excluir","Incluir","Incluir","Incluir"
"304",16101,0.0381392146596787,745,145,2,143,0.0045777976458298,0.00517354239725246,0.975496555206189,0.0069080946882866,4.77217722223336e-05,0.181128393699987,0.0268099393708887,0.0494684899484687,5.13793103448276,-0.0059216658251709,-0.00694444444444442,1,"Incluir","Incluir","Incluir","Incluir","Incluir"
"305",16102,0.0246706235260253,87,14,2,12,0.0122630411235961,0.00797156698912846,0.573041842478338,0.0146262796999501,0.000213928057861171,0.592862182203082,0.000683524818107205,0.0486577222339434,6.21428571428571,-0.0818823863740174,-0.0769230769230769,0,"Excluir","Excluir","Incluir","Excluir","Incluir"
"306",16103,0.0378031700983784,113,24,2,22,0.013751153096717,0.0158880458223373,1.75016483043227,0.0210124775203221,0.000441524211542041,0.555839033224978,0.00334270696505024,0.0722636332317066,4.70833333333333,0.202291639667128,-0.0434782608695652,1,"Incluir","Incluir","Incluir","Incluir","Incluir"
"307",16104,0.0428742645895315,70,6,2,4,0.0184360303716044,0.0158081510590929,0.948595725008005,0.0242854865252855,0.000589784855769821,0.566435057435718,0.0030460666880634,0.0827024624909997,11.6666666666667,-0.00481915078049951,-0.2,1,"Incluir","Excluir","Incluir","Incluir","Incluir"
"308",16105,0.0295106892818763,48,6,2,4,0.0178286514621807,0.0158871974035405,0.89363970922619,0.0238801979535133,0.000570263854298981,0.809205021455702,-0.00965283536188547,0.0686742139256381,8,-0.0151943272534014,-0.2,0,"Excluir","Excluir","Excluir","Incluir","Incluir"
"309",16106,0.0478932580246952,60,6,2,4,0.0213664646371625,0.0225320476716306,1.32369799885976,0.0310518756819576,0.000964218983367747,0.648355884787505,-0.00303181809371519,0.0988183341431056,10,0.0359664443177509,-0.2,1,"Incluir","Excluir","Incluir","Incluir","Incluir"
"310",16107,0.0690068489353333,61,15,2,13,0.0205395420422784,0.0180440113488201,0.491163041929264,0.0273396988436754,0.000747459132862868,0.39618819386023,0.0241697428317056,0.113843955038961,4.06666666666667,-0.165925095023066,-0.0714285714285714,0,"Excluir","Excluir","Incluir","Excluir","Incluir"
"311",16108,0.0574513607405491,79,7,2,5,0.0187296778530977,0.023498055036636,1.62015389807719,0.0300492832358044,0.000902959422985593,0.52303866868371,0.00817053623382995,0.106732185247268,11.2857142857143,0.0602927400908383,-0.166666666666667,1,"Incluir","Excluir","Incluir","Incluir","Incluir"
"312",16109,0.000633791057682066,63,11,2,9,0.00261641114926381,0.000475784918605657,0.638075990434325,0.00265931919685557,7.07197859076456e-06,4.19589258103668,-0.00372749242516107,0.0049950745405252,5.72727272727273,-0.0765608481773542,-0.1,1,"Incluir","Excluir","Incluir","Incluir","Incluir"
"313",16201,0.0604098465645523,65,12,2,10,0.0193328460597572,0.0318451216325559,1.79420829414469,0.0372541367979792,0.00138787070856255,0.61668980996617,-0.000686937784133625,0.121506630913238,5.41666666666667,0.179820745844082,-0.0909090909090908,1,"Incluir","Excluir","Incluir","Incluir","Incluir"
"314",16202,0.0111518088583011,51,6,2,4,0.0228747095808056,0.00621353291731232,0.697669763964853,0.0237035931816407,0.000561860329720723,2.12553797171625,-0.0277220839595896,0.0500257016761919,8.5,-0.0403106981380196,-0.2,1,"Incluir","Excluir","Incluir","Incluir","Incluir"
"315",16203,0.0103919790010806,60,13,2,11,0.00959799767262216,0.00708047632726676,0.864412933392447,0.0119270576566329,0.000142254704344645,1.14771764409769,-0.00916839555579735,0.0299523535579585,4.61538461538461,-0.0375028056574084,-0.0833333333333333,1,"Incluir","Excluir","Incluir","Incluir","Incluir"
"316",16204,0.0399313042766351,59,6,2,4,0.0201386821283229,0.018297402712421,1.14239360206967,0.0272095840447101,0.000740361463886144,0.681409849681048,-0.00469241355668951,0.0845550221099597,9.83333333333333,0.0161200304229811,-0.2,1,"Incluir","Excluir","Incluir","Incluir","Incluir"
"317",16205,0.0260282983621991,66,6,2,4,0.0130136916725184,0.0045886099449716,0.117907916262975,0.013798967793805,0.000190411512174466,0.530152513306255,0.00339799118035901,0.0486586055440393,11,-0.0882092083737025,-0.2,1,"Incluir","Excluir","Incluir","Incluir","Incluir"
"318",16206,0.0193832442353118,42,4,2,2,0.0126188735000062,0.0189968064394892,1.53762386238269,0.0228060216457973,0.000520114623308576,1.17658434103874,-0.0180186312637958,0.0567851197344194,10.5,0.0565919855139675,-0.333333333333333,0,"Excluir","Excluir","Excluir","Incluir","Excluir"
"319",16207,0.0468898593621554,50,6,2,4,0.0207059567351791,0.0290413187425453,1.42858409968492,0.0356669992938181,0.00127213483862522,0.760654857553374,-0.0116040194797062,0.105383738204017,8.33333333333333,0.0584432863206707,-0.2,1,"Incluir","Excluir","Incluir","Incluir","Incluir"
"320",16301,0.0318938746042839,234,37,2,35,0.00754662957340407,0.00968003263093548,1.23955414445854,0.012274145577357,0.000150654649654153,0.384843350945776,0.0117642758574184,0.0520234733511494,6.32432432432432,0.0449924027663248,-0.0277777777777777,1,"Incluir","Incluir","Incluir","Incluir","Incluir"
"321",16302,0.0207064718291348,93,13,2,11,0.0100754108230826,0.0104245457495759,1.0750813133997,0.0144977604249378,0.000210185057338892,0.700155996857893,-0.00306985526776312,0.0444827989260327,7.15384615384615,0.0122007134274511,-0.0833333333333333,1,"Incluir","Excluir","Incluir","Incluir","Incluir"
"322",16303,0.056581546931099,98,7,2,5,0.0169451008572965,0.0195134151618889,1.17644426242022,0.0258439512138563,0.000667909814344186,0.456755826158787,0.0141974669403747,0.0989656269218234,14,0.0135726355707858,-0.166666666666667,1,"Incluir","Excluir","Incluir","Incluir","Incluir"
"323",16304,0.0288185120354244,59,6,2,4,0.0203500251305206,0.0104452684322775,0.539394123102544,0.0228741591197393,0.000523227155435155,0.793731442193196,-0.00869510892094816,0.0663321329917969,9.83333333333333,-0.052144061535561,-0.2,1,"Incluir","Excluir","Incluir","Incluir","Incluir"
"324",16305,0.0573770658244655,73,6,2,4,0.0251887698164151,0.0208660390641502,1.34731255854654,0.032708801737315,0.00106986571109098,0.570067522054571,0.00373463097526884,0.111019500673662,12.1666666666667,0.0311026171832722,-0.2,1,"Incluir","Excluir","Incluir","Incluir","Incluir"
